1101,Aalim Muhammed Salegh College of Engineering, Chennai  ,ARTIFICIAL INTELLIGENCE AND,146,***,143,***,***,,
1110,Prathyusha Engineering College (Autonomous), Thiruvallur  ,ARTIFICIAL INTELLIGENCE AND,151,133,136,137.5,108,---,
1113,R M K Engineering College (Autonomous), Thiruvallur  ,ARTIFICIAL INTELLIGENCE AND,185,180,175,174.5,145.5,144.5,
1114,S A Engineering College (Autonomous), Chennai  ,ARTIFICIAL INTELLIGENCE AND,156,146,149,143.5,123,112,
1115,Sri Ram Engineering College, Thiruvallur  ,ARTIFICIAL INTELLIGENCE AND,124,***,,***,***,,
1116,Sri Venkateswara College of Engineering and Technology, Thiruvallur  ,ARTIFICIAL INTELLIGENCE AND,136,117.5,107,98.5,***,,
1118,Vel Tech Multi Tech Dr. Rangarajan Dr. Sakunthala Engineering College (Autonomous), Chennai  ,ARTIFICIAL INTELLIGENCE AND,164.5,154.5,145,155.5,129,---,
1120,Velammal Engineering College (Autonomous), Chennai  ,ARTIFICIAL INTELLIGENCE AND,165.5,155,151.5,154,129,---,
1122,Vel Tech High Tech Dr. Rangarajan Dr. Sakunthala Engineering College (Autonomous), Chennai  ,ARTIFICIAL INTELLIGENCE AND,163,154,156,156.5,134,110.5,
1123,Gojan School of Business and Technology, Chennai  ,ARTIFICIAL INTELLIGENCE AND,130.5,,99.5,***,***,,
1126,J N N Institute of Engineering, Thiruvallur  ,ARTIFICIAL INTELLIGENCE AND,127,101.5,,***,***,,
1127,St. Peters College of Engineering and Technology, Chennai  ,ARTIFICIAL INTELLIGENCE AND,131,100,,91,***,,
1128,R M K College of Engineering and Technology (Autonomous), Thiruvallur  ,ARTIFICIAL INTELLIGENCE AND,174,167.5,164,159.5,150.5,,
1133,Annai Veilankanni's College of Engineering, Chennai  ,ARTIFICIAL INTELLIGENCE AND,112,***,,***,***,,
1137,Annai Mira College of Engineering and Technology, Ranipet  ,ARTIFICIAL INTELLIGENCE AND,157,139.5,127.5,136,116,140,
1140,Jeppiaar Institute of Technology, Kancheepuram  ,ARTIFICIAL INTELLIGENCE AND,153.5,147,148.5,142.5,117,,
1149,St. Joseph's Institute of Technology (Autonomous), Chennai  ,ARTIFICIAL INTELLIGENCE AND,167,157.5,154,158,126.5,---,
1202,D M I College of Engineering, Chennai  ,ARTIFICIAL INTELLIGENCE AND,151.5,139.5,140.5,116,106.5,,
1207,Kings Engineering College, Kancheepuram  ,ARTIFICIAL INTELLIGENCE AND,154.5,128.5,,111.5,136.5,,
1210,Panimalar Engineering College (Autonomous), Chennai  ,ARTIFICIAL INTELLIGENCE AND,169,159.5,152.5,155.5,125,---,---
1211,Rajalakshmi Engineering College (Autonomous), Kancheepuram  ,ARTIFICIAL INTELLIGENCE AND,189.5,185.5,184.5,182,169,154,147.5
1216,Saveetha Engineering College (Autonomous), Kancheepuram  ,ARTIFICIAL INTELLIGENCE AND,175,168,164.5,164.5,142,---,101
1217,Sree Sastha Institute of Engineering and Technology, Chennai  ,ARTIFICIAL INTELLIGENCE AND,131,***,,113,***,,
1218,Sri Muthukumaran Institute of Technology, Chennai  ,ARTIFICIAL INTELLIGENCE AND,118,***,114,***,***,,
1219,Sri Venkateswara College of Engineering (Autonomous), Kancheepuram  ,ARTIFICIAL INTELLIGENCE AND,190,187,186,182,159.5,143,
1222,P B College of Engineering, Kancheepuram  ,ARTIFICIAL INTELLIGENCE AND,101,***,,***,,,
1225,Loyola Institute of Technology, Chennai  ,ARTIFICIAL INTELLIGENCE AND,161,146.5,144.5,142.5,111,,
1226,P T Lee Chengalvaraya Naicker College of Engineering and Technology, Kancheepuram  ,ARTIFICIAL INTELLIGENCE AND,129.5,***,,114.5,,,
1228,Alpha College of Engineering, Chennai  ,ARTIFICIAL INTELLIGENCE AND,131,***,,***,***,,
1230,Apollo Engineering College, Kancheepuram  ,ARTIFICIAL INTELLIGENCE AND,121.5,***,,***,***,,
1233,Adhi College of Engineering and Technology, Kancheepuram  ,ARTIFICIAL INTELLIGENCE AND,148,121.5,,127,110,,
1237,Velammal Institute of Technology, Thiruvallur  ,ARTIFICIAL INTELLIGENCE AND,155.5,142,136,141.5,117.5,,
1238,G R T Institute of Engineering and Technology, Thiruvallur  ,ARTIFICIAL INTELLIGENCE AND,145.5,124.5,110,126.5,***,107,
1241,T J S Engineering College, Thiruvallur  ,ARTIFICIAL INTELLIGENCE AND,138,118,,108,112.5,,
1301,Mohammed Sathak A J College of Engineering, Chengalpattu  ,ARTIFICIAL INTELLIGENCE AND,160,133,,108.5,118.5,,
1303,Anand Institute of Higher Technology, Chengalpattu  ,ARTIFICIAL INTELLIGENCE AND,143.5,***,106,104.5,108,,
1304,Easwari Engineering College (Autonomous), Chennai  ,ARTIFICIAL INTELLIGENCE AND,185.5,181.5,184,177,157,154,
1306,Jeppiaar Engineering College, Chennai  ,ARTIFICIAL INTELLIGENCE AND,169.5,162,153.5,155,139.5,,
1307,Jerusalem College of Engineering (Autonomous), Chennai  ,ARTIFICIAL INTELLIGENCE AND,161.5,154.5,150.5,143,136,133.5,
1309,Meenakshi Sundararajan Engineering College, Chennai  ,ARTIFICIAL INTELLIGENCE AND,176.5,166.5,,164,148,110,
1310,Misrimal Navajee Munoth Jain Engineering College, Chennai  ,ARTIFICIAL INTELLIGENCE AND,143.5,135.5,137,138.5,116,,
1311,K C G College of Technology (Autonomous), Chennai  ,ARTIFICIAL INTELLIGENCE AND,172,159.5,171,157.5,138,,
1316,Agni College of Technology, Chengalpattu  ,ARTIFICIAL INTELLIGENCE AND,149.5,132.5,118.5,133,129,,
1317,St. Joseph's College of Engineering (Autonomous), Chennai  ,ARTIFICIAL INTELLIGENCE AND,180,171,165.5,171,140.5,---,120.5
1318,T.J Institute of Technology, Chennai  ,ARTIFICIAL INTELLIGENCE AND,95,,,***,,,
1319,Thangavelu Engineering College, Chennai  ,ARTIFICIAL INTELLIGENCE AND,124.5,***,***,***,***,123,
1322,Dhanalakshmi Srinivasan College of Engineering and Technology, Chennai  ,ARTIFICIAL INTELLIGENCE AND,134.5,104.5,118,111.5,87,,
1324,Sri Sai Ram Institute of Technology (Autonomous), Chennai  ,ARTIFICIAL INTELLIGENCE AND,172.5,166.5,159.5,163,141.5,,
1325,St. Joseph College of Engineering Trinity Campus, Kancheepuram  ,ARTIFICIAL INTELLIGENCE AND,146.5,113.5,127.5,123.5,100.5,,
1398,Chennai Institute of Technology and Applied Research, Chennai  ,ARTIFICIAL INTELLIGENCE AND,187.5,182,180.5,183.47,163.5,152.5,
1399,Chennai Institute of Technology (Autonomous), Chennai  ,ARTIFICIAL INTELLIGENCE AND,193.5,191,190,189.5,177.5,165.51,140
1405,Dhanalakshmi College of Engineering, Chennai  ,ARTIFICIAL INTELLIGENCE AND,140,126,107.5,118,***,,
1407,G K M College of Engineering and Technology, Chennai  ,ARTIFICIAL INTELLIGENCE AND,130,***,,***,97,,
1408,I F E T College of Engineering (Autonomous), Villupuram  ,ARTIFICIAL INTELLIGENCE AND,168,150,149,155.5,94,,
1409,Karpaga Vinayaga College of Engineering and Technology, Chengalpattu  ,ARTIFICIAL INTELLIGENCE AND,149,131.5,147.5,135,120.5,,
1411,Madha Engineering College, Chennai  ,ARTIFICIAL INTELLIGENCE AND,140.475,***,,***,***,,
1412,Mailam Engineering College, Villupuram  ,ARTIFICIAL INTELLIGENCE AND,165.5,142.5,164.5,151.5,106.25,---,
1413,Sri Venkateswaraa College of Technology, Kancheepuram  ,ARTIFICIAL INTELLIGENCE AND,148,117,119.5,115.5,***,,
1416,Jaya Sakthi Engineering College, Chennai  ,ARTIFICIAL INTELLIGENCE AND,108.5,***,,,***,,
1419,Sri Sai Ram Engineering College (Autonomous), Chennai  ,ARTIFICIAL INTELLIGENCE AND,180,173.5,172.5,168.5,143.5,---,
1420,Tagore Engineering College, Chennai  ,ARTIFICIAL INTELLIGENCE AND,150,123,135,121,110,,
1422,SRM Valliammai Engineering College (Autonomous), Chennai  ,ARTIFICIAL INTELLIGENCE AND,179.5,174,176,176,157,139.5,
1423,Asan Memorial College of Engineering and Technology, Chengalpattu  ,ARTIFICIAL INTELLIGENCE AND,133,***,,107,,,
1424,Dhaanish Ahmed College of Engineering, Chennai  ,ARTIFICIAL INTELLIGENCE AND,140.5,***,138.5,***,,,
1431,New Prince Shri Bhavani College of Engineering and Technology (Autonomous), Chennai  ,ARTIFICIAL INTELLIGENCE AND,144,134.5,137.5,124.5,120.5,,
1432,Rajalakshmi Institute of Technology (Autonomous), Chennai  ,ARTIFICIAL INTELLIGENCE AND,189,183,182,176.5,153,130.5,
1434,Surya Group of Institutions, Villupuram  ,ARTIFICIAL INTELLIGENCE AND,122,***,120.5,***,***,,
1437,Rrase College of Engineering, Kancheepuram  ,ARTIFICIAL INTELLIGENCE AND,138,***,117,115.5,110.5,,
1441,A K T Memorial College of Engineering and Technology, Kallakurichi  ,ARTIFICIAL INTELLIGENCE AND,125,***,123,***,***,,92
1442,Prince Dr. K Vasudevan College of Engineering and Technology, Chennai  ,ARTIFICIAL INTELLIGENCE AND,178.5,173,168.845,164,160,115.5,
1452,PERI Institute of Technology, Chennai  ,ARTIFICIAL INTELLIGENCE AND,133.5,117.5,102.5,96.5,,,
1504,Arunai Engineering College, Thiruvannamalai  ,ARTIFICIAL INTELLIGENCE AND,158.5,130.5,124.5,142,***,,
1505,C Abdul Hakeem College of Engineering and Technology, Ranipet  ,ARTIFICIAL INTELLIGENCE AND,152.5,130.5,148.5,126,***,,
1507,Ganadipathy Tulsi's Jain Engineering College, Vellore  ,ARTIFICIAL INTELLIGENCE AND,134,111,130,111.5,88.5,,
1509,Meenakshi College of Engineering, Chennai  ,ARTIFICIAL INTELLIGENCE AND,154,138,134.5,140.5,110.5,102.5,
1512,S K P Engineering College, Thiruvannamalai  ,ARTIFICIAL INTELLIGENCE AND,139,106,,112.5,***,,
1520,Kingston Engineering College, Vellore  ,ARTIFICIAL INTELLIGENCE AND,155.5,144,124,140,126.5,105,
1523,Global Institute of Engineering and Technology, Ranipet  ,ARTIFICIAL INTELLIGENCE AND,128.5,***,,114.5,,,
2025,Anna University Regional Campus - Coimbatore, Coimbatore  ,ARTIFICIAL INTELLIGENCE AND,185,179.5,168,177,161,170,166.5
2302,Sri Shanmugha College of Engineering and Technology, Salem  ,ARTIFICIAL INTELLIGENCE AND,131,***,,106.5,***,122,
2314,Muthayammal College of Engineering, Namakkal  ,ARTIFICIAL INTELLIGENCE AND,109,***,,***,,105.5,
2327,N S N College of Engineering and Technology, Karur  ,ARTIFICIAL INTELLIGENCE AND,107,***,,***,***,---,
2329,Rathinam Technical Campus (Autonomous), Coimbatore  ,ARTIFICIAL INTELLIGENCE AND,170,158.5,162.5,152,118.5,126,
2338,Asian College of Engineering and Technology, Coimbatore  ,ARTIFICIAL INTELLIGENCE AND,129,***,,***,110,108,
2342,Sri Ranganathar Institute of Engineering and Technology, Coimbatore  ,ARTIFICIAL INTELLIGENCE AND,141,130,108,109.5,115.5,,
2345,Dhirajlal Gandhi College of Technology, Salem  ,ARTIFICIAL INTELLIGENCE AND,143.5,121.5,129,129,***,,
2346,Shree Sathyam College of Engineering and Technology, Salem  ,ARTIFICIAL INTELLIGENCE AND,104.5,,,***,,,
2349,Dhaanish Ahmed Institute of Technology, Coimbatore  ,ARTIFICIAL INTELLIGENCE AND,135,***,132,***,***,,
2354,Pollachi Institute of Engineering and Technology, Coimbatore  ,ARTIFICIAL INTELLIGENCE AND,125.5,***,112.5,***,90.5,121.5,
2357,V S B College of Engineering Technical Campus, Coimbatore  ,ARTIFICIAL INTELLIGENCE AND,145,129.5,126,114,***,---,
2360,Suguna College of Engineering, Coimbatore  ,ARTIFICIAL INTELLIGENCE AND,131,108.5,126,109,109.5,112.5,
2367,Arjun College of Technology, Coimbatore  ,ARTIFICIAL INTELLIGENCE AND,123.5,***,***,***,***,106,
2377,PSG Institute of Technology and Applied Research, Coimbatore  ,ARTIFICIAL INTELLIGENCE AND,196,195,195,192.5,178.5,172,161.5
2601,Adhiyamaan College of Engineering, Krishnagiri  ,ARTIFICIAL INTELLIGENCE AND,152,141,142,135.5,129,,
2607,K S Rangasamy College of Technology, Namakkal  ,ARTIFICIAL INTELLIGENCE AND,163,149,145.5,143,***,,
2608,M Kumarasamy College of Engineering, Karur  ,ARTIFICIAL INTELLIGENCE AND,164,153.5,134,145,***,---,
2609,Mahendra Engineering College, Namakkal  ,ARTIFICIAL INTELLIGENCE AND,151,139,***,139,127.5,---,
2610,Muthayammal Engineering College, Namakkal  ,ARTIFICIAL INTELLIGENCE AND,147,119.5,,124,***,---,
2611,Paavai Engineering College, Namakkal  ,ARTIFICIAL INTELLIGENCE AND,162.5,143,131,155.5,141,151.5,
2612,P G P College of Engineering and Technology, Namakkal  ,ARTIFICIAL INTELLIGENCE AND,119.5,***,94.5,***,97.5,,
2617,Sengunthar Engineering College, Namakkal,ARTIFICIAL INTELLIGENCE AND,138.5,119.5,131.5,124.5,***,---,
2618,Sona College of Technology, Salem  ,ARTIFICIAL INTELLIGENCE AND,171.75,166.5,164.5,162,122,118.5,
2621,Er. Perumal Manimekalai College of Engineering, Krishnagiri  ,ARTIFICIAL INTELLIGENCE AND,152,128.3181818,113,141,114.5,,
2622,V S B Engineering College, Karur  ,ARTIFICIAL INTELLIGENCE AND,160,145,145,133,***,,
2623,Mahendra College of Engineering, Salem  ,ARTIFICIAL INTELLIGENCE AND,155,119,154.5,135,132.5,---,
2624,Gnanamani College of Technology, Namakkal  ,ARTIFICIAL INTELLIGENCE AND,139,118,,122,116,129.5,103.5
2625,The Kavery Engineering College, Salem  ,ARTIFICIAL INTELLIGENCE AND,131.5,***,,107,115,,
2627,Selvam College of Technology, Namakkal  ,ARTIFICIAL INTELLIGENCE AND,134,***,105,***,106,120.5,
2628,Paavai College of Engineering, Namakkal  ,ARTIFICIAL INTELLIGENCE AND,146.5,131.5,98,127,108,,
2630,Chettinad College of Engineering and Technology, Karur  ,ARTIFICIAL INTELLIGENCE AND,149.5,134.5,113,135,***,129.5,
2633,Vidyaa Vikas College of Engineering and Technology, Namakkal  ,ARTIFICIAL INTELLIGENCE AND,108,***,,,,,
2634,Excel Engineering College, Namakkal  ,ARTIFICIAL INTELLIGENCE AND,144,117,***,123,***,106,
2635,CMS College of Engineering, Namakkal  ,ARTIFICIAL INTELLIGENCE AND,107,***,96,,,,
2636,A V S Engineering College, Salem  ,ARTIFICIAL INTELLIGENCE AND,139,119,103.5,110.5,94,,108
2639,R P Sarathy Institute of Technology, Salem  ,ARTIFICIAL INTELLIGENCE AND,144.5,113.5,94.5,132,96.5,113,
2641,Varuvan Vadivelan Institute of Technology, Dharmapuri  ,ARTIFICIAL INTELLIGENCE AND,106,***,,***,,,
2642,P S V College of Engineering and Technology, Krishnagiri  ,ARTIFICIAL INTELLIGENCE AND,140,***,131,125,90,---,
2643,Bharathiyar Institute of Engineering for Women, Salem  ,ARTIFICIAL INTELLIGENCE AND,134.5,***,***,***,***,95,
2646,Tagore Institute of Engineering and Technology, Salem  ,ARTIFICIAL INTELLIGENCE AND,124,***,***,***,***,,
2648,Annapoorana Engineering College, Salem  ,ARTIFICIAL INTELLIGENCE AND,124.5,***,***,101.5,***,101.5,
2650,Christ The King Engineering College, Coimbatore  ,ARTIFICIAL INTELLIGENCE AND,123,101.5,***,82,92,110,
2651,Jai Shriram Engineering College, Tiruppur  ,ARTIFICIAL INTELLIGENCE AND,145.5,125.5,***,115,***,123,
2652,AL-Ameen Engineering College, Erode  ,ARTIFICIAL INTELLIGENCE AND,107.5,***,106,,,93,
2653,Knowledge Institute of Technology, Salem  ,ARTIFICIAL INTELLIGENCE AND,162,150.5,158.5,144.5,108.5,108,
2656,Builders Engineering College, Tiruppur  ,ARTIFICIAL INTELLIGENCE AND,177.5,119.5,129,142,***,,
2659,Salem College of Engineering and Technology, Salem  ,ARTIFICIAL INTELLIGENCE AND,131,***,,94,92,,
2661,Vivekanandha College of Technology for Women, Namakkal  ,ARTIFICIAL INTELLIGENCE AND,161,137,133,142,***,159.9,
2683,Shreenivasa Engineering College, Dharmapuri  ,ARTIFICIAL INTELLIGENCE AND,106,***,,***,,,
2702,Bannari Amman Institute of Technology, Erode  ,ARTIFICIAL INTELLIGENCE AND,184.5,178,177,176,143,151.5,118
2704,Coimbatore Institute of Engineering and Technology, Coimbatore  ,ARTIFICIAL INTELLIGENCE AND,175,162,169,158,153,107.5,
2705,CSI College of Engineering, The Nilgiris,ARTIFICIAL INTELLIGENCE AND,135.5,***,,,102,119,
2706,Dr. Mahalingam College of Engineering and Technology, Coimbatore,ARTIFICIAL INTELLIGENCE AND,173.5,169.5,167.5,160,114,138,
2707,Erode Sengunthar Engineering College, Erode,ARTIFICIAL INTELLIGENCE AND,148,136.5,,120,***,---,
2710,Karpagam College of Engineering, Coimbatore,ARTIFICIAL INTELLIGENCE AND,186.5,183,174,176.5,151,154.5,
2711,Kongu Engineering College, Erode,ARTIFICIAL INTELLIGENCE AND,180.5,174.5,170,168.5,129.5,128.5,
2712,Kumaraguru College of Technology, Coimbatore,ARTIFICIAL INTELLIGENCE AND,193.5,191,192,187.76,176.5,168.5,
2715,Nandha Engineering College, Erode,ARTIFICIAL INTELLIGENCE AND,164,150.5,147.5,141,***,144,
2716,Park College of Engineering and Technology, Coimbatore,ARTIFICIAL INTELLIGENCE AND,136,***,,***,***,,
2717,Sasurie College of Engineering, Tiruppur,ARTIFICIAL INTELLIGENCE AND,98.5,***,,***,,,
2718,Sri Krishna College of Engineering and Technology, Coimbatore,ARTIFICIAL INTELLIGENCE AND,191,188,188,186,162,143.5,132
2719,Sri Ramakrishna Engineering College, Coimbatore,ARTIFICIAL INTELLIGENCE AND,181,176,173,172,143,151,
2721,Tamilnadu College of Engineering, Coimbatore,ARTIFICIAL INTELLIGENCE AND,143.5,132.5,,125.5,112,,
2722,Sri Krishna College of Technology, Coimbatore,ARTIFICIAL INTELLIGENCE AND,185,177.5,171,176,145.5,135.5,119.5
2723,Velalar College of Engineering and Technology, Erode,ARTIFICIAL INTELLIGENCE AND,167.5,159,163,143,122,,
2727,Sri Shakthi Institute of Engineering and Technology, Coimbatore,ARTIFICIAL INTELLIGENCE AND,162.5,152.5,145,143.5,***,101,
2729,Nehru Institute of Engineering and Technology, Coimbatore,ARTIFICIAL INTELLIGENCE AND,165.5,149,151.5,144,137,,109.5
2731,R V S College of Engineering and Technology, Coimbatore,ARTIFICIAL INTELLIGENCE AND,174.5,139.5,155,143.5,115.5,122,
2732,Info Institute of Engineering, Coimbatore,ARTIFICIAL INTELLIGENCE AND,124.5,93,***,***,***,,
2734,SNS College of Engineering, Coimbatore,ARTIFICIAL INTELLIGENCE AND,160,152,147,149,115,118.5,
2735,Karpagam Institute of Technology, Coimbatore,ARTIFICIAL INTELLIGENCE AND,176,169.5,166.5,172.5,145,155,
2736,Dr. N G P Institute of Technology, Coimbatore,ARTIFICIAL INTELLIGENCE AND,168.5,157.5,150,151,***,---,
2739,Sri Eshwar College of Engineering, Coimbatore,ARTIFICIAL INTELLIGENCE AND,182.5,177,176,174,138.5,140.5,
2740,Hindusthan Institute of Technology, Coimbatore,ARTIFICIAL INTELLIGENCE AND,179.5,163,166,156,139,143,
2741,P A College of Engineering and Technology, Coimbatore,ARTIFICIAL INTELLIGENCE AND,149.5,140.5,128.5,132,***,144.5,
2743,Dhanalakshmi Srinivasan College of Engineering, Coimbatore,ARTIFICIAL INTELLIGENCE AND,148,139,140.5,131.5,96,100.5,101.5
2744,Adithya Institute of Technology, Coimbatore,ARTIFICIAL INTELLIGENCE AND,145,132,,135.5,119.5,139.5,
2745,Kathir College of Engineering, Coimbatore,ARTIFICIAL INTELLIGENCE AND,139,124.5,128,119,125,130.5,103.5
2747,Shree Venkateshwara Hi-Tech Engineering College, Erode,ARTIFICIAL INTELLIGENCE AND,121,***,***,104.5,***,113,
2748,Surya Engineering College, Erode,ARTIFICIAL INTELLIGENCE AND,100,***,,***,,,
2749,Easa College of Engineering and Technology, Coimbatore,ARTIFICIAL INTELLIGENCE AND,130,105.5,96.5,110.5,98,124.5,
2750,KIT - Kalaignar Karunanidhi Institute of Technology, Coimbatore,ARTIFICIAL INTELLIGENCE AND,165.5,159.5,149.5,157,139,153,124
2751,KGISL Institute of Technology, Coimbatore,ARTIFICIAL INTELLIGENCE AND,174,161,151.5,149.5,116.5,125.5,
2753,PPG Institute of Technology, Coimbatore,ARTIFICIAL INTELLIGENCE AND,144,108,122,147,***,,
2758,J K K Munirajah College of Technology, Erode,ARTIFICIAL INTELLIGENCE AND,104,,,***,,,
2761,United Institute of Technology, Coimbatore,ARTIFICIAL INTELLIGENCE AND,148.5,106.5,137.5,115.5,101.5,,
2762,Jansons Institute of Technology, Coimbatore,ARTIFICIAL INTELLIGENCE AND,148,141,106.5,97.5,,119.5,
2763,Akshaya College of Engineering and Technology, Coimbatore,ARTIFICIAL INTELLIGENCE AND,151,132.5,131.5,134,***,107.5,
2764,K P R Institute of Engineering and Technology, Coimbatore,ARTIFICIAL INTELLIGENCE AND,183,179,179,174,161,163.5,
2768,Park College of Technology, Coimbatore,ARTIFICIAL INTELLIGENCE AND,104,***,,***,,,
2769,J C T College of Engineering and Technology, Coimbatore,ARTIFICIAL INTELLIGENCE AND,137,106.5,125.5,***,***,---,
2770,Studyworld College of Engineering, Coimbatore,ARTIFICIAL INTELLIGENCE AND,119.5,***,,***,***,,
2772,C M S College of Engineering and Technology, Coimbatore,ARTIFICIAL INTELLIGENCE AND,118,***,,***,***,108,
2776,R V S Technical Campus-Coimbatore, Coimbatore,ARTIFICIAL INTELLIGENCE AND,146.5,136.5,134.5,137.5,118,108,
3425,C K College of Engineering and Technology, Cuddalore,ARTIFICIAL INTELLIGENCE AND,157.5,121.5,150,143.5,136.5,,
3454,Sri Ramakrishna College of Engineering, Perambalur,ARTIFICIAL INTELLIGENCE AND,134,***,,103.5,,,
3461,Arifa Institute of Technology, Nagapattinam,ARTIFICIAL INTELLIGENCE AND,111,***,***,***,***,,
3701,K Ramakrishnan College of Technology, Tiruchirappalli,ARTIFICIAL INTELLIGENCE AND,156,148,153.5,138.5,120,---,
3760,Sir Issac Newton College of Engineering and Technology, Nagapattinam,ARTIFICIAL INTELLIGENCE AND,121,***,116,106.5,105.5,,
3782,OASYS Institute of Technology, Tiruchirappalli,ARTIFICIAL INTELLIGENCE AND,135.5,***,134.5,110.5,***,,134
3786,M.A.M. School of Engineering, Tiruchirappalli,ARTIFICIAL INTELLIGENCE AND,135,127.5,115.5,***,115.5,,
3795,SRM TRP Engineering College, Tiruchirappalli,ARTIFICIAL INTELLIGENCE AND,168,160,161,142.5,121,,
3804,Arasu Engineering College, Thanjavur,ARTIFICIAL INTELLIGENCE AND,140.5,***,***,122.5,***,---,
3805,Dhanalakshmi Srinivasan Engineering College, Perambalur,ARTIFICIAL INTELLIGENCE AND,153,139,145,131.5,113.5,,
3806,E G S Pillay Engineering College, Nagapattinam,ARTIFICIAL INTELLIGENCE AND,153,141,152.5,126.5,92.5,,
3807,J J College of Engineering and Technology, Tiruchirappalli,ARTIFICIAL INTELLIGENCE AND,154.5,139,142,141.5,98,,
3810,M.A.M. College of Engineering, Tiruchirappalli,ARTIFICIAL INTELLIGENCE AND,141.5,120.5,140.5,110,***,134.5,
3811,M I E T Engineering College, Tiruchirappalli,ARTIFICIAL INTELLIGENCE AND,137,***,132.5,***,***,,
3812,Mookambigai College of Engineering, Pudukkottai,ARTIFICIAL INTELLIGENCE AND,122.5,***,,***,***,,
3814,P R Engineering College, Thanjavur,ARTIFICIAL INTELLIGENCE AND,125,***,,***,,,
3815,Pavendar Bharathidasan College of Engineering and Technology, Tiruchirappalli,ARTIFICIAL INTELLIGENCE AND,130,***,93,***,114,,
3819,Saranathan College of Engineering, Tiruchirappalli,ARTIFICIAL INTELLIGENCE AND,171.5,162,166.5,158.5,134.5,---,
3820,Trichy Engineering College, Tiruchirappalli,ARTIFICIAL INTELLIGENCE AND,99.5,,,,,,
3825,St. Joseph's College of Engineering and Technology, Thanjavur,ARTIFICIAL INTELLIGENCE AND,143.5,111,85.5,99,99.5,91.5,
3826,Kongunadu College of Engineering and Technology, Tiruchirappalli,ARTIFICIAL INTELLIGENCE AND,169.5,155,150.5,159,135.5,139,123
3829,M.A.M. College of Engineering and Technology, Tiruchirappalli,ARTIFICIAL INTELLIGENCE AND,143.5,114,138.5,119,115.5,111,
3830,K Ramakrishnan College of Engineering, Tiruchirappalli,ARTIFICIAL INTELLIGENCE AND,170.5,160.5,164,142,133.5,152.5,
3831,Indra Ganesan College of Engineering, Tiruchirappalli,ARTIFICIAL INTELLIGENCE AND,113,***,,***,***,,
3841,CARE College of Engineering, Tiruchirappalli,ARTIFICIAL INTELLIGENCE AND,150,138,143,132,119,,
3844,Shivani Engineering College, Tiruchirappalli,ARTIFICIAL INTELLIGENCE AND,124.5,105,,98.5,,,
3855,As-Salam College of Engineering and Technology, Thanjavur,ARTIFICIAL INTELLIGENCE AND,99,,,,,,
3905,Kings College of Engineering, Pudukkottai,ARTIFICIAL INTELLIGENCE AND,140.5,110.5,,80,135,122.5,
3908,Mount Zion College of Engineering and Technology, Pudukkottai,ARTIFICIAL INTELLIGENCE AND,143,137,140,114,102.5,,
3920,Sudharsan Engineering College, Pudukkottai,ARTIFICIAL INTELLIGENCE AND,133.5,91.5,97,82.5,***,,
3926,Chendhuran College of Engineering and Technology, Pudukkottai,ARTIFICIAL INTELLIGENCE AND,115,***,91.5,***,***,,
4670,Rohini College of Engineering & Technology, Kanyakumari,ARTIFICIAL INTELLIGENCE AND,164.5,145.5,144,90.5,***,,
4672,Stella Mary's College of Engineering, Kanyakumari,ARTIFICIAL INTELLIGENCE AND,142,131.5,128,127.5,***,,
4676,Renganayagi Varatharaj College of Engineering, Virudhunagar,ARTIFICIAL INTELLIGENCE AND,149,***,,***,***,,
4678,Ramco Institute of Technology, Virudhunagar,ARTIFICIAL INTELLIGENCE AND,162.5,152,142.5,144.5,***,---,
4680,AAA College of Engineering and Technology, Virudhunagar,ARTIFICIAL INTELLIGENCE AND,148.5,139,136.5,***,110.5,,
4917,Sethu Institute of Technology, Virudhunagar,ARTIFICIAL INTELLIGENCE AND,158.5,148,146.5,135,***,118,
4928,MAR Ephraem College of Engineering & Technology, Kanyakumari,ARTIFICIAL INTELLIGENCE AND,153.5,143,***,***,,,
4931,Grace College of Engineering, Thoothukudi,ARTIFICIAL INTELLIGENCE AND,150.5,***,144.5,***,***,,
4944,Arunachala College of Engineering for Women, Kanyakumari,ARTIFICIAL INTELLIGENCE AND,155,133.5,137,***,,,
4946,D M I Engineering College, Kanyakumari,ARTIFICIAL INTELLIGENCE AND,130.5,93.5,,***,,,
4954,Dr. Sivanthi Aditanar College of Engineering, Thoothukudi,ARTIFICIAL INTELLIGENCE AND,153,142.5,142,145,112.5,,
4955,Francis Xavier Engineering College, Tirunelveli,ARTIFICIAL INTELLIGENCE AND,166,154,163.5,142.5,130.5,---,
4957,Jayaraj Annapackiam CSI College of Engineering, Thoothukudi,ARTIFICIAL INTELLIGENCE AND,143.5,132.5,,***,***,,
4959,Kamaraj College of Engineering and Technology, Virudhunagar,ARTIFICIAL INTELLIGENCE AND,164,151,153,142.5,***,,
4960,Mepco Schlenk Engineering College, Virudhunagar,ARTIFICIAL INTELLIGENCE AND,177.5,168.5,163.5,164.5,122.5,---,
4962,National Engineering College, Thoothukudi,ARTIFICIAL INTELLIGENCE AND,174.5,169,171.5,158.5,132.5,,
4965,P S R Engineering College, Virudhunagar,ARTIFICIAL INTELLIGENCE AND,155,147,144,136,130,,
4966,PET Engineering College, Tirunelveli,ARTIFICIAL INTELLIGENCE AND,141,129.5,140.5,***,,,
4968,Sardar Raja College of Engineering, Tenkasi,ARTIFICIAL INTELLIGENCE AND,104,***,,,,,
4971,St. Xavier's Catholic College of Engineering, Kanyakumari,ARTIFICIAL INTELLIGENCE AND,177.5,173.5,143.5,146.5,,90,
4972,AMRITA College of Engineering and Technology, Kanyakumari,ARTIFICIAL INTELLIGENCE AND,162.5,142,121,***,***,,
4977,Narayanaguru College of Engineering, Kanyakumari,ARTIFICIAL INTELLIGENCE AND,142,***,,***,,,
4981,Ponjesly College of Engineering, Kanyakumari,ARTIFICIAL INTELLIGENCE AND,154,140,153,113,,,
4993,Loyola Institute of Technology and Science, Kanyakumari,ARTIFICIAL INTELLIGENCE AND,127,109,123,,,,
4995,P.S.R.R College of Engineering, Virudhunagar,ARTIFICIAL INTELLIGENCE AND,136.5,133,104.5,110.5,***,,
4996,Sri Vidya College of Engineering and Technology, Virudhunagar,ARTIFICIAL INTELLIGENCE AND,92,,,,,,
4999,Annai Vailankanni College of Engineering, Kanyakumari,ARTIFICIAL INTELLIGENCE AND,113.5,95.5,,,***,,
5502,Sri Raajaraajan College of Engineering & Technology, Sivagangai,ARTIFICIAL INTELLIGENCE AND,122.5,***,,***,,,
5530,SSM Institute of Engineering and Technology, Dindigul,ARTIFICIAL INTELLIGENCE AND,153,141.5,140.5,128.5,***,---,132.5
5703,Christian College of Engineering and Technology, Dindigul,ARTIFICIAL INTELLIGENCE AND,124,***,109,***,***,114.5,
5832,N P R College of Engineering and Technology, Dindigul,ARTIFICIAL INTELLIGENCE AND,150,140.5,145,108,117.5,103.5,
5842,SRM Madurai College for Engineering and Technology, Sivagangai,ARTIFICIAL INTELLIGENCE AND,161,157,,132,,,
5865,Nadar Saraswathi College of Engineering and Technology, Theni,ARTIFICIAL INTELLIGENCE AND,150,134.5,,129.5,***,,
5902,Bharath Niketan Engineering College, Theni,ARTIFICIAL INTELLIGENCE AND,101.5,***,,***,***,,
5904,K L N College of Engineering, Sivagangai,ARTIFICIAL INTELLIGENCE AND,170.5,161,161.5,128,***,,
5907,Mohamed Sathak Engineering College, Ramanathapuram,ARTIFICIAL INTELLIGENCE AND,146.5,135.5,143,***,98,95,
5910,P S N A College of Engineering and Technology, Dindigul,ARTIFICIAL INTELLIGENCE AND,181.5,170,175,159.5,141,---,
5912,Pandian Saraswathi Yadav Engineering College, Sivagangai,ARTIFICIAL INTELLIGENCE AND,109.5,***,,***,***,,
5913,R V S College of Engineering, Dindigul,ARTIFICIAL INTELLIGENCE AND,129.5,87,,113.5,103,,
5914,Solamalai College of Engineering, Madurai,ARTIFICIAL INTELLIGENCE AND,119,***,,,***,,
5921,Syed Ammal Engineering College, Ramanathapuram,ARTIFICIAL INTELLIGENCE AND,151.5,119,135.5,***,***,,
5986,Velammal College of Engineering and Technology, Madurai,ARTIFICIAL INTELLIGENCE AND,179,171,185.5,151,107.5,129,
