1,University Departments of Anna University, Chennai,CIVIL ENGINEERING,193,190,192,187,183,173.5,177.5
5,Annamalai University Faculty of Engineering and Technology, Cuddalore,CIVIL ENGINEERING,128,0,0,97,108,127.5,0
1014,University College of Engineering Tindivanam, Villupuram,CIVIL ENGINEERING,119.5,0,108.5,0,0,0,0
1106,Jaya Engineering College, Chennai,CIVIL ENGINEERING,0,0,0,0,0,0,0
1113,R M K Engineering College, Thiruvallur,CIVIL ENGINEERING,156,153.5,114,146.5,144.5,0,0
1114,S A Engineering College, Chennai,CIVIL ENGINEERING,127.5,0,0,0,106,0,0
1120,Velammal Engineering College, Chennai,CIVIL ENGINEERING,144.5,101.5,0,106.5,0,0,0
1122,Vel Tech High Tech Dr. Rangarajan Dr. Sakunthala Engineering College, Chennai,CIVIL ENGINEERING,118.5,0,0,98.5,0,0,0
1137,Annai Mira College of Engineering and Technology, Ranipet,CIVIL ENGINEERING,97.5,0,0,0,0,0,0
1211,Rajalakshmi Engineering College, Kancheepuram,CIVIL ENGINEERING,162,154.5,132.5,142,131,0,0
1216,Saveetha Engineering College, Kancheepuram,CIVIL ENGINEERING,146,130.5,145.5,131.5,113,0,0
1219,Sri Venkateswara College of Engineering, Kancheepuram,CIVIL ENGINEERING,167.5,156.5,160.5,146,139.5,0,0
1304,Easwari Engineering College, Chennai,CIVIL ENGINEERING,150,130.5,129,129,116.5,0,0
1309,Meenakshi Sundararajan Engineering College, Chennai,CIVIL ENGINEERING,130,0,126.5,0,0,0,0
1311,K C G College of Technology, Chennai,CIVIL ENGINEERING,156.5,0,0,124.5,0,0,0
1315,Sri Sivasubramaniya Nadar College of Engineering, Chengalpattu,CIVIL ENGINEERING,188.5,184,173.5,177,169,155.5,0
1316,Agni College of Technology, Chengalpattu,CIVIL ENGINEERING,111,0,0,0,0,0,0
1399,Chennai Institute of Technology, Chennai,CIVIL ENGINEERING,175.5,170,169,161.5,169,0,0
1414,Prince Shri Venkateshwara Padmavathy Engineering College, Chennai,CIVIL ENGINEERING,139.5,0,0,135,0,0,0
1419,Sri Sai Ram Engineering College, Chennai,CIVIL ENGINEERING,153,143.5,136,137.5,128.5,0,0
1421,V R S College of Engineering and Technology, Villupuram,CIVIL ENGINEERING,85,0,0,0,0,0,0
1422,SRM Valliammai Engineering College, Chennai,CIVIL ENGINEERING,144.5,136.5,135,123,91,103.5,0
1430,Maha Bharathi Engineering College, Kallakurichi,CIVIL ENGINEERING,104.5,0,0,0,0,0,0
1504,Arunai Engineering College, Thiruvannamalai,CIVIL ENGINEERING,127.5,0,123.5,96,0,0,0
1516,Thanthai Periyar Government Institute of Technology, Vellore,CIVIL ENGINEERING,149,124.5,128,136.5,118,0,0
2005,Government College of Technology, Coimbatore,CIVIL ENGINEERING,178.545,171,164,164,158,142,133
2006,PSG College of Technology, Coimbatore,CIVIL ENGINEERING,191,186.055,182.5,180.5,177.5,0,172
2007,Coimbatore Institute of Technology, Coimbatore,CIVIL ENGINEERING,180.5,172.5,179,171,157,158,0
2327,N S N College of Engineering and Technology, Karur,CIVIL ENGINEERING,89.5,0,0,0,0,0,0
2342,Sri Ranganathar Institute of Engineering and Technology, Coimbatore,CIVIL ENGINEERING,92,0,0,0,0,0,0
2345,Dhirajlal Gandhi College of Technology, Salem,CIVIL ENGINEERING,116,0,108,0,0,0,0
2354,Pollachi Institute of Engineering and Technology, Coimbatore,CIVIL ENGINEERING,99,0,0,0,0,0,0
2357,V S B College of Engineering Technical Campus, Coimbatore,CIVIL ENGINEERING,103,0,95.5,0,0,0,0
2369,Government College of Engineering, Dharmapuri,CIVIL ENGINEERING,140.5,109,123.5,129.5,101.5,135,0
2377,PSG Institute of Technology and Applied Research, Coimbatore,CIVIL ENGINEERING,177.5,170.5,170,165.5,152.5,149,0
2607,K S Rangasamy College of Technology, Namakkal,CIVIL ENGINEERING,136.5,0,0,125.5,97.5,0,0
2608,M Kumarasamy College of Engineering, Karur,CIVIL ENGINEERING,130.5,0,0,0,0,0,0
2609,Mahendra Engineering College, Namakkal,CIVIL ENGINEERING,92.5,0,0,0,0,0,0
2610,Muthayammal Engineering College, Namakkal,CIVIL ENGINEERING,110,0,0,0,0,0,0
2611,Paavai Engineering College, Namakkal,CIVIL ENGINEERING,111.5,0,0,0,0,0,0
2613,K S R College of Engineering, Namakkal,CIVIL ENGINEERING,118.5,0,0,110,109,105.5,0
2615,Government College of Engineering, Salem,CIVIL ENGINEERING,166.5,153,155,155.5,145.5,139.5,156
2618,Sona College of Technology, Salem,CIVIL ENGINEERING,142,120.5,118.5,130.5,99,122,113
2621,Er. Perumal Manimekalai College of Engineering, Krishnagiri,CIVIL ENGINEERING,103.5,,82,85,0,0,0
2622,V S B Engineering College, Karur,CIVIL ENGINEERING,116.5,0,0,0,0,91.5,0
2636,A V S Engineering College, Salem,CIVIL ENGINEERING,101.5,0,95,0,90,0,0
2642,P S V College of Engineering and Technology, Krishnagiri,CIVIL ENGINEERING,96.5,0,0,0,0,0,0
2651,Jai Shriram Engineering College, Tiruppur,CIVIL ENGINEERING,123,91,,0,0,90,0
2653,Knowledge Institute of Technology, Salem,CIVIL ENGINEERING,136,104.5,0,121.5,0,100.5,0
2656,Builders Engineering College, Tiruppur,CIVIL ENGINEERING,125.5,106,0,111,0,0,118
2661,Vivekanandha College of Technology for Women, Namakkal,CIVIL ENGINEERING,123,0,0,99,101.5,105,0
2673,Sree Sakthi Engineering College, Coimbatore,CIVIL ENGINEERING,112,94,0,95,100.5,110.5,0
2702,Bannari Amman Institute of Technology, Erode,CIVIL ENGINEERING,155,149,154,148,85,0,0
2704,Coimbatore Institute of Engineering and Technology, Coimbatore,CIVIL ENGINEERING,119,0,0,0,0,0,0
2706,Dr. Mahalingam College of Engineering and Technology, Coimbatore,CIVIL ENGINEERING,125.5,106,96,0,0,0,0
2707,Erode Sengunthar Engineering College, Erode,CIVIL ENGINEERING,116.5,0,0,86,0,0,0
2708,Hindusthan College of Engineering and Technology, Coimbatore,CIVIL ENGINEERING,129.5,102,0,94.5,0,0,0
2709,Government College of Engineering, Erode,CIVIL ENGINEERING,153,145.5,151,145,135,139,
2710,Karpagam College of Engineering, Coimbatore,CIVIL ENGINEERING,144,132.5,122,132,0,116,0
2711,Kongu Engineering College, Erode,CIVIL ENGINEERING,153,143,135.5,126.5,0,0,0
2712,Kumaraguru College of Technology, Coimbatore,CIVIL ENGINEERING,169,162,161,156.5,133.5,125.5,116
2715,Nandha Engineering College, Erode,CIVIL ENGINEERING,111,0,90,98,0,0,0
2718,Sri Krishna College of Engineering and Technology, Coimbatore,CIVIL ENGINEERING,163,153,159,145.5,129.5,126,143
2719,Sri Ramakrishna Engineering College, Coimbatore,CIVIL ENGINEERING,138.5,129.5,0,118.5,0,108.5,0
2722,Sri Krishna College of Technology, Coimbatore,CIVIL ENGINEERING,147.5,142.5,146.5,132,109.5,108.5,0
2723,Velalar College of Engineering and Technology, Erode,CIVIL ENGINEERING,131.5,118,108,113,106.5,0,0
2726,SNS College of Technology, Coimbatore,CIVIL ENGINEERING,123.5,0,0,0,0,0,0
2727,Sri Shakthi Institute of Engineering and Technology, Coimbatore,CIVIL ENGINEERING,129.5,0,115,102.5,0,0,0
2736,Dr. N G P Institute of Technology, Coimbatore,CIVIL ENGINEERING,130.5,123.5,0,117,0,0,0
2743,Dhanalakshmi Srinivasan College of Engineering, Coimbatore,CIVIL ENGINEERING,105,0,0,0,0,0,0
2755,Nehru Institute of Technology, Coimbatore,CIVIL ENGINEERING,118,0,0,93,0,0,0
2763,Akshaya College of Engineering and Technology, Coimbatore,CIVIL ENGINEERING,94,0,0,0,0,0,0
2764,K P R Institute of Engineering and Technology, Coimbatore,CIVIL ENGINEERING,160.5,153.5,137,140,121,122,
2776,R V S Technical Campus, Coimbatore,CIVIL ENGINEERING,111,0,0,0,88,98.5,0
3011,University College of Engineering Tiruchirappalli, Tiruchirappalli,CIVIL ENGINEERING,139.5,101,119.5,0,115,115,135.5
3410,Krishnasamy College of Engineering and Technology, Cuddalore,CIVIL ENGINEERING,101,0,0,0,0,0,0
3425,C K College of Engineering and Technology, Cuddalore,CIVIL ENGINEERING,103,0,0,0,0,0,0
3464,Government College of Engineering, Thanjavur,CIVIL ENGINEERING,134.5,0,125,112,113.5,120,0
3465,Government College of Engineering Srirangam, Tiruchirappalli,CIVIL ENGINEERING,140,118.5,131.5,116,101,130.5,128
3701,K Ramakrishnan College of Technology, Tiruchirappalli,CIVIL ENGINEERING,122.5,0,119.5,0,0,0,0
3795,SRM TRP Engineering College, Tiruchirappalli,CIVIL ENGINEERING,114.5,0,0,0,0,0,0
3803,Anjalai Ammal Mahalingam Engineering College, Thiruvarur,CIVIL ENGINEERING,115.5,0,102,0,0,0,0
3805,Dhanalakshmi Srinivasan Engineering College, Perambalur,CIVIL ENGINEERING,99.5,0,0,0,0,0,0
3806,E G S Pillay Engineering College, Nagapattinam,CIVIL ENGINEERING,98,0,0,0,0,0,0
3807,J J College of Engineering and Technology, Tiruchirappalli,CIVIL ENGINEERING,105,0,0,0,88,0,0
3811,M I E T Engineering College, Tiruchirappalli,CIVIL ENGINEERING,104.5,0,0,0,0,0,0
3819,Saranathan College of Engineering, Tiruchirappalli,CIVIL ENGINEERING,143,0,141.5,131,0,0,0
3826,Kongunadu College of Engineering and Technology, Tiruchirappalli,CIVIL ENGINEERING,139,116,114,121.5,117,108.5,0
3829,M.A.M. College of Engineering and Technology, Tiruchirappalli,CIVIL ENGINEERING,120.5,0,108.5,0,117.5,0,0
3841,CARE College of Engineering, Tiruchirappalli,CIVIL ENGINEERING,107,0,0,0,0,0,0
3908,Mount Zion College of Engineering and Technology, Pudukkottai,CIVIL ENGINEERING,118.5,0,0,0,0,0,0
3926,Chendhuran College of Engineering and Technology, Pudukkottai,CIVIL ENGINEERING,95,0,0,0,0,0,0
4023,University College of Engineering Nagercoil, Kanyakumari,CIVIL ENGINEERING,131.5,0,0,0,0,0,0
4670,Rohini College of Engineering & Technology, Kanyakumari,CIVIL ENGINEERING,121,100,0,0,0,0,0
4672,Stella Mary's College of Engineering, Kanyakumari,CIVIL ENGINEERING,114,104,0,0,0,0,0
4678,Ramco Institute of Technology, Virudhunagar,CIVIL ENGINEERING,134.5,107.5,,107.5,0,123,0
4680,AAA College of Engineering and Technology, Virudhunagar,CIVIL ENGINEERING,110.5,0,0,0,0,0,0
4917,Sethu Institute of Technology, Virudhunagar,CIVIL ENGINEERING,132,111,124,0,90.5,0,0
4944,Arunachala College of Engineering for Women, Kanyakumari,CIVIL ENGINEERING,116.5,0,0,0,0,0,0
4953,CAPE Institute of Technology, Tirunelveli,CIVIL ENGINEERING,103.5,0,0,0,0,0,0
4955,Francis Xavier Engineering College, Tirunelveli,CIVIL ENGINEERING,119,0,0,0,0,0,0
4960,Mepco Schlenk Engineering College, Virudhunagar,CIVIL ENGINEERING,142.5,124,91.5,0,0,0,0
4962,National Engineering College, Thoothukudi,CIVIL ENGINEERING,150.5,123.5,,117,0,0,0
4965,P S R Engineering College, Virudhunagar,CIVIL ENGINEERING,107.5,0,0,0,0,0,0
4971,St. Xavier's Catholic College of Engineering, Kanyakumari,CIVIL ENGINEERING,101.5,0,0,0,0,0,0
4972,AMRITA College of Engineering and Technology, Kanyakumari,CIVIL ENGINEERING,123,103.5,0,0,0,0,0
4974,Government College of Engineering, Tirunelveli,CIVIL ENGINEERING,166.5,156.5,162,151.5,140,0,0
4980,Einstein College of Engineering, Tirunelveli,CIVIL ENGINEERING,111.5,0,0,0,0,0,0
4981,Ponjesly College of Engineering, Kanyakumari,CIVIL ENGINEERING,113.5,0,0,0,0,0,0
4994,J P College of Engineering, Tenkasi,CIVIL ENGINEERING,117,0,0,0,0,0,0
5008,Thiagarajar College of Engineering, Madurai,CIVIL ENGINEERING,187.5,183.5,186.5,179.5,167,135.5,0
5009,Government College of Engineering, Theni,CIVIL ENGINEERING,143,111.5,136.5,112,96,113.5,0
5010,Anna University Regional Campus - Madurai, Madurai,CIVIL ENGINEERING,135.5,0,0,0,0,0,0
5502,Sri Raajaraajan College of Engineering & Technology, Sivagangai,CIVIL ENGINEERING,95,0,0,0,0,0,0
5530,SSM Institute of Engineering and Technology, Dindigul,CIVIL ENGINEERING,114,107,0,0,0,0,0
5832,N P R College of Engineering and Technology, Dindigul,CIVIL ENGINEERING,103,0,101.5,0,0,0,0
5901,Alagappa Chettiar Government College of Engineering and Technology, Sivagangai,CIVIL ENGINEERING,176,168,170,157,151,140.5,146
5907,Mohamed Sathak Engineering College, Ramanathapuram,CIVIL ENGINEERING,93.5,,88.5,0,0,0,0
5910,P S N A College of Engineering and Technology, Dindigul,CIVIL ENGINEERING,144.5,119.5,116.5,114,106,0,0
5912,Pandian Saraswathi Yadav Engineering College, Sivagangai,CIVIL ENGINEERING,106.5,0,0,0,0,0,0
