1,University Departments of Anna University Chennai - CEG Campus, Chennai,COMPUTER SCIENCE AND ENGINEERING,200,200.1,199.5,199.1,198.5,185.5,0
4,University Departments of Anna University Chennai - MIT Campus, Chengalpattu,COMPUTER SCIENCE AND ENGINEERING,199,198.5,198,197.5,193.5,188,179.5
5,Annamalai University Faculty of Engineering and Technology, Cuddalore,COMPUTER SCIENCE AND ENGINEERING,163,142,149.5,142.5,142.5,117,123.5
1013,University College of Engineering Villupuram, Villupuram,COMPUTER SCIENCE AND ENGINEERING,177.5,154,158,162.5,138.5,111.5,0
1014,University College of Engineering Tindivanam, Villupuram,COMPUTER SCIENCE AND ENGINEERING,167,147,132,159.5,135,110.5,125.5
1015,University College of Engineering Arni, Thiruvannamalai,COMPUTER SCIENCE AND ENGINEERING,163.5,147.5,144.5,149.5,134,0,0
1026,University College of Engineering Kancheepuram, Kancheepuram,COMPUTER SCIENCE AND ENGINEERING,172.5,154.5,165.5,159,149.5,129,0
1101,Aalim Muhammed Salegh College of Engineering, Chennai,COMPUTER SCIENCE AND ENGINEERING,140.5,104.5,138.5,0,0,0,0
1106,Jaya Engineering College, Chennai,COMPUTER SCIENCE AND ENGINEERING,140,115.5,120,111,0,0,0
1110,Prathyusha Engineering College (Autonomous), Thiruvallur,COMPUTER SCIENCE AND ENGINEERING,149,136,135,129,114.5,0,0
1112,R M D Engineering College (Autonomous), Thiruvallur,COMPUTER SCIENCE AND ENGINEERING,181.5,174.5,165,170.5,140,0,118.5
1113,R M K Engineering College (Autonomous), Thiruvallur,COMPUTER SCIENCE AND ENGINEERING,188.5,183,185.5,180,160.5,124,0
1114,S A Engineering College (Autonomous), Chennai,COMPUTER SCIENCE AND ENGINEERING,159,149.5,144,146,130.5,0,0
1115,Sri Ram Engineering College, Thiruvallur,COMPUTER SCIENCE AND ENGINEERING,136.5,94,126.5,0,0,0,0
1116,Sri Venkateswara College of Engineering and Technology, Thiruvallur,COMPUTER SCIENCE AND ENGINEERING,164.5,153,150,143,114.5,0,0
1118,Vel Tech Multi Tech Dr. Rangarajan Dr. Sakunthala Engineering College (Autonomous), Chennai,COMPUTER SCIENCE AND ENGINEERING,168,155,149.5,153.5,130,0,0
1120,Velammal Engineering College (Autonomous), Chennai,COMPUTER SCIENCE AND ENGINEERING,168.5,157.5,159,152,129.5,0,115.5
1121,Sri Venkateswara Institute of Science and Technology, Thiruvallur,COMPUTER SCIENCE AND ENGINEERING,119.5,0,0,0,0,0,0
1122,Vel Tech High Tech Dr. Rangarajan Dr. Sakunthala Engineering College (Autonomous), Chennai,COMPUTER SCIENCE AND ENGINEERING,163,151.5,148.5,153,126,0,0
1123,Gojan School of Business and Technology, Chennai,COMPUTER SCIENCE AND ENGINEERING,134.5,91.5,0,106,111.5,0,0
1126,J N N Institute of Engineering Ushaa Garden (Autonomous), Thiruvallur,COMPUTER SCIENCE AND ENGINEERING,137.5,118.5,126,97,0,0,0
1127,St. Peters College of Engineering and Technology, Chennai,COMPUTER SCIENCE AND ENGINEERING,143.5,119.5,124.5,106,105.5,0,0
1128,R M K College of Engineering and Technology (Autonomous), Thiruvallur,COMPUTER SCIENCE AND ENGINEERING,173,166.5,157.5,161,131,0,109.5
1133,Annai Veilankannis College of Engineering, Chennai,COMPUTER SCIENCE AND ENGINEERING,129.5,0,95,0,0,0,0
1137,Annai Mira College of Engineering and Technology, Ranipet,COMPUTER SCIENCE AND ENGINEERING,154,128.5,129.5,136.5,0,0,0
1140,Jeppiaar Institute of Technology, Kancheepuram,COMPUTER SCIENCE AND ENGINEERING,157,148,142,146,111.5,0,0
1149,St. Joseph's Institute of Technology (Autonomous), Chennai,COMPUTER SCIENCE AND ENGINEERING,174,166.5,150.5,162.5,131.5,0,0
1202,D M I College of Engineering, Chennai,COMPUTER SCIENCE AND ENGINEERING,138,0,0,0,102.5,0,128
1207,Kings Engineering College, Kancheepuram,COMPUTER SCIENCE AND ENGINEERING,138.5,121,121,109.5,0,0,0
1210,Panimalar Engineering College (Autonomous), Chennai,COMPUTER SCIENCE AND ENGINEERING,173,163,158.5,158,133.5,0,118
1211,Rajalakshmi Engineering College (Autonomous), Kancheepuram,COMPUTER SCIENCE AND ENGINEERING,191.5,189,187.3333333,185.5,169.5,146.5,0
1216,Saveetha Engineering College (Autonomous), Kancheepuram,COMPUTER SCIENCE AND ENGINEERING,180.5,172.5,164,167,142,0,0
1217,Sree Sastha Institute of Engineering and Technology, Chennai,COMPUTER SCIENCE AND ENGINEERING,143,129,111,129,0,0,0
1218,Sri Muthukumaran Institute of Technology, Chennai,COMPUTER SCIENCE AND ENGINEERING,119.5,0,0,0,0,0,0
1219,Sri Venkateswara College of Engineering (Autonomous), Kancheepuram,COMPUTER SCIENCE AND ENGINEERING,193.5,190.5,186.5,186,170.5,165,142.5
1225,Loyola Institute of Technology, Chennai,COMPUTER SCIENCE AND ENGINEERING,158.5,146.5,142.5,140.5,120.5,0,0
1226,P T Lee Chengalvaraya Naicker College of Engineering and Technology, Kancheepuram,COMPUTER SCIENCE AND ENGINEERING,152.5,0,0,143.5,0,85,0
1228,Alpha College of Engineering, Chennai,COMPUTER SCIENCE AND ENGINEERING,132.5,0,0,0,0,0,0
1229,Indira Institute of Engineering and Technology, Thiruvallur,COMPUTER SCIENCE AND ENGINEERING,0,0,0,0,0,0,0
1230,Apollo Engineering College, Kancheepuram,COMPUTER SCIENCE AND ENGINEERING,128.5,0,122.5,0,88,0,0
1232,A R M College of Engineering and Technology, Chengalpattu,COMPUTER SCIENCE AND ENGINEERING,0,0,0,0,0,0,0
1233,Adhi College of Engineering and Technology, Kancheepuram,COMPUTER SCIENCE AND ENGINEERING,147,134.5,126.5,118,102,0,0
1237,Velammal Institute of Technology, Thiruvallur,COMPUTER SCIENCE AND ENGINEERING,158.5,147,145.5,142,116,0,0
1238,G R T Institute of Engineering and Technology, Thiruvallur,COMPUTER SCIENCE AND ENGINEERING,149,122,0,129,0,0,0
1241,T J S Engineering College, Thiruvallur,COMPUTER SCIENCE AND ENGINEERING,140.5,109.5,0,105,93,0,0
1301,Mohammed Sathak A J College of Engineering, Chengalpattu,COMPUTER SCIENCE AND ENGINEERING,144.5,114,135,103,93,0,0
1303,Anand Institute of Higher Technology, Chengalpattu,COMPUTER SCIENCE AND ENGINEERING,143,0,109.5,118,0,0,107
1304,Easwari Engineering College (Autonomous), Chennai,COMPUTER SCIENCE AND ENGINEERING,185,178,179.5,176,154,131,142.5
1306,Jeppiaar Engineering College, Chennai,COMPUTER SCIENCE AND ENGINEERING,164,158,150.5,153,128.5,0,0
1307,Jerusalem College of Engineering (Autonomous), Chennai,COMPUTER SCIENCE AND ENGINEERING,160.5,147,152.5,144.5,123.5,144.5,0
1309,Meenakshi Sundararajan Engineering College, Chennai,COMPUTER SCIENCE AND ENGINEERING,184.5,179.5,183,171.5,160,134.5,0
1310,Misrimal Navajee Munoth Jain Engineering College, Chennai,COMPUTER SCIENCE AND ENGINEERING,160.5,146,142,139.5,0,0,0
1311,K C G College of Technology (Autonomous), Chennai,COMPUTER SCIENCE AND ENGINEERING,166.5,156,161.5,155,129,0,0
1315,Sri Sivasubramaniya Nadar College of Engineering (Autonomous), Chengalpattu,COMPUTER SCIENCE AND ENGINEERING,199,198.5,198,197,186,174,156.5
1316,Agni College of Technology, Chengalpattu,COMPUTER SCIENCE AND ENGINEERING,149,129,132.5,123.5,104.5,0,134.5
1317,St. Joseph's College of Engineering (Autonomous), Chennai,COMPUTER SCIENCE AND ENGINEERING,186.5,179,178,175,141.5,0,148.5
1319,Thangavelu Engineering College, Chennai,COMPUTER SCIENCE AND ENGINEERING,120.5,0,0,0,0,0,0
1322,Dhanalakshmi Srinivasan College of Engineering and Technology, Chennai,COMPUTER SCIENCE AND ENGINEERING,139,108,127.5,113,88.5,0,0
1324,Sri Sai Ram Institute of Technology (Autonomous), Chennai,COMPUTER SCIENCE AND ENGINEERING,177,169,163.5,165,140.5,0,125
1325,St. Joseph College of Engineering, Kancheepuram,COMPUTER SCIENCE AND ENGINEERING,146,122,143,129.5,92,0,78
1398,Chennai Institute of Technology and Applied Research, Chennai,COMPUTER SCIENCE AND ENGINEERING,186.5,182,181,179,158,0,123
1399,Chennai Institute of Technology (Autonomous), Chennai,COMPUTER SCIENCE AND ENGINEERING,195.5,193.5,194,192,177.5,153.5,162.5
1401,Adhiparasakthi Engineering College, Chengalpattu,COMPUTER SCIENCE AND ENGINEERING,148,128.5,123.5,134.5,110,0,0
1402,Annai Teresa College of Engineering, Kallakkurichi,COMPUTER SCIENCE AND ENGINEERING,95.5,0,0,0,0,0,0
1405,Dhanalakshmi College of Engineering, Chennai,COMPUTER SCIENCE AND ENGINEERING,144.5,133.5,137,120.5,108.5,0,0
1407,G K M College of Engineering and Technology, Chennai,COMPUTER SCIENCE AND ENGINEERING,116.5,0,0,0,0,0,0
1408,I F E T College of Engineering (Autonomous), Villupuram,COMPUTER SCIENCE AND ENGINEERING,163,134,140,145.5,110.5,0,0
1409,Karpaga Vinayaga College of Engineering and Technology, Chengalpattu,COMPUTER SCIENCE AND ENGINEERING,144,130.5,143,130.5,0,0,0
1411,Madha Engineering College, Chennai,COMPUTER SCIENCE AND ENGINEERING,178.25,138,0,114.5,96,0,0
1412,Mailam Engineering College, Villupuram,COMPUTER SCIENCE AND ENGINEERING,163.5,133.5,142.5,153.5,127,0,0
1413,Sri Venkateswaraa College of Technology, Kancheepuram,COMPUTER SCIENCE AND ENGINEERING,149.5,123.5,0,124.5,101.5,0,0
1414,Prince Shri Venkateshwara Padmavathy Engineering College (Autonomous), Chennai,COMPUTER SCIENCE AND ENGINEERING,193.5,186.45,182.5,186.33,176.8,80.5,0
1416,Jaya Sakthi Engineering College, Chennai,COMPUTER SCIENCE AND ENGINEERING,122,0,0,0,0,0,95.5
1419,Sri Sai Ram Engineering College (Autonomous), Chennai,COMPUTER SCIENCE AND ENGINEERING,185,179,177,176.5,149.5,128,141.5
1420,Tagore Engineering College, Chennai,COMPUTER SCIENCE AND ENGINEERING,141,122.5,119,126.5,115,0,118
1421,V R S College of Engineering and Technology, Villupuram,COMPUTER SCIENCE AND ENGINEERING,137.5,0,122,125.5,121,0,0
1422,SRM Valliammai Engineering College (Autonomous), Chennai,COMPUTER SCIENCE AND ENGINEERING,180.5,171.5,168.5,170.5,145.5,132.5,114.5
1423,Asan Memorial College of Engineering and Technology, Chengalpattu,COMPUTER SCIENCE AND ENGINEERING,134,0,0,124,0,0,0
1424,Dhaanish Ahmed College of Engineering, Chennai,COMPUTER SCIENCE AND ENGINEERING,132,0,128.5,0,0,0,0
1426,Sri Ramanujar Engineering College, Chennai,COMPUTER SCIENCE AND ENGINEERING,102.5,0,0,0,0,0,0
1430,Maha Bharathi Engineering College, Kallakurichi,COMPUTER SCIENCE AND ENGINEERING,96.5,0,0,0,0,0,0
1431,New Prince Shri Bhavani College of Engineering and Technology (Autonomous), Chennai,COMPUTER SCIENCE AND ENGINEERING,141.5,127.5,131.5,125,105.5,0,0
1432,Rajalakshmi Institute of Technology (Autonomous), Chennai,COMPUTER SCIENCE AND ENGINEERING,190.5,181,186.5,177,150,0,0
1434,Surya Group of Institutions, Villupuram,COMPUTER SCIENCE AND ENGINEERING,124.5,0,113,100.5,0,0,0
1436,A R Engineering College, Villupuram,COMPUTER SCIENCE AND ENGINEERING,0,0,0,0,0,0,0
1437,Rrase College of Engineering, Kancheepuram,COMPUTER SCIENCE AND ENGINEERING,124,0,112,0,87,0,0
1441,A K T Memorial College of Engineering and Technology, Kallakurichi,COMPUTER SCIENCE AND ENGINEERING,123.5,0,0,0,0,0,0
1442,Prince Dr. K Vasudevan College of Engineering and Technology, Chennai,COMPUTER SCIENCE AND ENGINEERING,169.98,134.5,121.5,140.5,121,0,0
1444,Chendu College of Engineering and Technology, Chengalpattu,COMPUTER SCIENCE AND ENGINEERING,0,0,0,0,0,0,0
1445,Sri Rangapoopathi College of Engineering, Villupuram,COMPUTER SCIENCE AND ENGINEERING,0,0,0,0,0,0,0
1449,Saraswathy College of Engineering and Technology, Villupuram,COMPUTER SCIENCE AND ENGINEERING,118.5,0,0,0,0,0,96
1450,Loyola ICAM College of Engineering and Technology, Chennai,COMPUTER SCIENCE AND ENGINEERING,191,185,184.5,182,157.5,132.5,0
1452,PERI Institute of Technology, Chennai,COMPUTER SCIENCE AND ENGINEERING,131,0,112.5,0,0,0,0
1501,Adhiparasakthi College of Engineering, Ranipet,COMPUTER SCIENCE AND ENGINEERING,146.5,125.5,117,125,0,0,0
1504,Arunai Engineering College, Thiruvannamalai,COMPUTER SCIENCE AND ENGINEERING,162,143.5,133.5,135,0,0,0
1505,C Abdul Hakeem College of Engineering and Technology, Ranipet,COMPUTER SCIENCE AND ENGINEERING,148,129,153.5,129,0,0,0
1507,Ganadipathy Tulsi’s Jain Engineering College, Vellore,COMPUTER SCIENCE AND ENGINEERING,130.5,113,0,115,0,98,0
1509,Meenakshi College of Engineering, Chennai,COMPUTER SCIENCE AND ENGINEERING,152,131,134.5,126.5,116,0,128.5
1510,Priyadarshini Engineering College, Thiruppattur,COMPUTER SCIENCE AND ENGINEERING,132.5,0,120.5,119,0,0,0
1512,S K P Engineering College, Thiruvannamalai,COMPUTER SCIENCE AND ENGINEERING,138.5,0,119,126.5,107.5,0,0
1513,Sri Balaji Chockalingam Engineering College, Thiruvannamalai,COMPUTER SCIENCE AND ENGINEERING,118,0,0,0,0,0,0
1514,Sri Nandhanam College of Engineering and Technology, Vellore,COMPUTER SCIENCE AND ENGINEERING,0,0,0,0,0,0,0
1516,Thanthai Periyar Government Institute of Technology, Vellore,COMPUTER SCIENCE AND ENGINEERING,183.5,171,175,175.87,152,171,0
1518,Thiruvalluvar College of Engineering and Technology, Thiruvannamalai,COMPUTER SCIENCE AND ENGINEERING,93,0,0,0,0,0,0
1519,Bharathidasan Engineering College, Thiruppathur,COMPUTER SCIENCE AND ENGINEERING,119.5,0,0,112,99,0,104.5
1520,Kingston Engineering College, Vellore,COMPUTER SCIENCE AND ENGINEERING,158.5,139,116.5,140.5,0,0,0
1523,Global Institute of Engineering and Technology, Ranipet,COMPUTER SCIENCE AND ENGINEERING,128,95,0,114.5,0,0,0
1525,Podhigai College of Engineering and Technology, Tirupattur,COMPUTER SCIENCE AND ENGINEERING,103.5,0,0,0,94,0,0
1605,Idhaya Engineering College for Women, Kallakkurichi,COMPUTER SCIENCE AND ENGINEERING,123,0,109.5,0,0,0,0
2005,Government College of Technology (Autonomous), Coimbatore,COMPUTER SCIENCE AND ENGINEERING,196.5,195.5,194,195,184,186,168.5
2007,Coimbatore Institute of Technology (Autonomous), Coimbatore,COMPUTER SCIENCE AND ENGINEERING,197,196.5,194.5,195.5,182.5,180.5,0
2025,Anna University Regional Campus - Coimbatore, Coimbatore,COMPUTER SCIENCE AND ENGINEERING,186,180,175.5,178,164.5,161,155
2302,Sri Shanmugha College of Engineering and Technology, Salem,COMPUTER SCIENCE AND ENGINEERING,130.5,105.5,0,0,0,0,0
2314,Muthayammal College of Engineering, Namakkal,COMPUTER SCIENCE AND ENGINEERING,113.5,0,0,0,0,0,0
2327,N S N College of Engineering and Technology, Karur,COMPUTER SCIENCE AND ENGINEERING,129.5,0,0,0,103.5,129,0
2328,K S R Institute for Engineering and Technology (Autonomous), Namakkal,COMPUTER SCIENCE AND ENGINEERING,150.5,137,125,137.5,0,0,0
2329,Rathinam Technical Campus (Autonomous), Coimbatore,COMPUTER SCIENCE AND ENGINEERING,167,159,155,153,143,134,0
2332,Aishwarya College of Engineering and Technology, Erode,COMPUTER SCIENCE AND ENGINEERING,0,0,0,0,0,0,0
2338,Asian College of Engineering and Technology, Coimbatore,COMPUTER SCIENCE AND ENGINEERING,114.5,0,0,0,99.5,0,0
2342,Sri Ranganathar Institute of Engineering and Technology, Coimbatore,COMPUTER SCIENCE AND ENGINEERING,133,109,117.5,0,89.5,101,99
2345,Dhirajlal Gandhi College of Technology, Salem,COMPUTER SCIENCE AND ENGINEERING,138,96.5,126.5,118,0,0,0
2346,Shree Sathyam College of Engineering and Technology, Salem,COMPUTER SCIENCE AND ENGINEERING,125.5,0,0,0,0,0,0
2347,AVS College of Technology, Salem,COMPUTER SCIENCE AND ENGINEERING,130,0,0,102.5,0,0,0
2349,Dhaanish Ahmed Institute of Technology, Coimbatore,COMPUTER SCIENCE AND ENGINEERING,130.5,0,0,0,0,0,0
2350,Jairupaa College of Engineering, Tiruppur,COMPUTER SCIENCE AND ENGINEERING,0,0,0,0,0,0,0
2354,Pollachi Institute of Engineering and Technology, Coimbatore,COMPUTER SCIENCE AND ENGINEERING,128,0,0,0,95.5,95,0
2356,Arulmurugan College of Engineering, Karur,COMPUTER SCIENCE AND ENGINEERING,109.5,0,0,0,0,0,0
2357,V S B College of Engineering Technical Campus, Coimbatore,COMPUTER SCIENCE AND ENGINEERING,143,122.5,0,98.5,0,0,0
2360,Suguna College of Engineering, Coimbatore,COMPUTER SCIENCE AND ENGINEERING,135.5,118,119,109.5,122.5,96,0
2367,Arjun College of Technology, Coimbatore,COMPUTER SCIENCE AND ENGINEERING,116.5,0,0,0,0,0,0
2369,Government College of Engineering, Dharmapuri,COMPUTER SCIENCE AND ENGINEERING,174.5,166,163,171.5,150,128,166.87
2377,PSG Institute of Technology and Applied Research, Coimbatore,COMPUTER SCIENCE AND ENGINEERING,197,196.5,193,193.5,178.5,183,0
2601,Adhiyamaan College of Engineering (Autonomous), Krishnagiri,COMPUTER SCIENCE AND ENGINEERING,152,135.5,132,138,105.5,0,0
2603,Government College of Engineering (Autonomous), Krishnagiri,COMPUTER SCIENCE AND ENGINEERING,184,177,178,181.5,161.5,169.5,144
2607,K S Rangasamy College of Technology (Autonomous), Namakkal,COMPUTER SCIENCE AND ENGINEERING,162,147,144.5,137,0,0,0
2608,M Kumarasamy College of Engineering (Autonomous), Karur,COMPUTER SCIENCE AND ENGINEERING,174.5,168.5,145,153,111.5,132,0
2609,Mahendra Engineering College (Autonomous), Namakkal,COMPUTER SCIENCE AND ENGINEERING,145.5,128,0,130,100,0,130
2610,Muthayammal Engineering College (Autonomous), Namakkal,COMPUTER SCIENCE AND ENGINEERING,146.5,123,0,122.5,0,0,128.5
2611,Paavai Engineering College (Autonomous), Namakkal,COMPUTER SCIENCE AND ENGINEERING,151,131.5,137.5,138,0,103.5,150.5
2612,P G P College of Engineering and Technology, Namakkal,COMPUTER SCIENCE AND ENGINEERING,118,0,0,0,87.5,0,0
2613,K S R College of Engineering (Autonomous), Namakkal,COMPUTER SCIENCE AND ENGINEERING,160,145,130,145,0,0,0
2614,S S M College of Engineering, Namakkal,COMPUTER SCIENCE AND ENGINEERING,109.5,0,0,0,0,0,0
2615,Government College of Engineering (Autonomous), Salem,COMPUTER SCIENCE AND ENGINEERING,193,190,191,191,175,173.5,0
2616,Sapthagiri College of Engineering, Dharmapuri,COMPUTER SCIENCE AND ENGINEERING,0,0,0,0,0,0,0
2617,Sengunthar Engineering College (Autonomous), Namakkal,COMPUTER SCIENCE AND ENGINEERING,138.5,110,0,113,0,91.5,0
2618,Sona College of Technology (Autonomous), Salem,COMPUTER SCIENCE AND ENGINEERING,178,171.5,167.5,169,131,141,148.5
2620,Vivekanandha College of Engineering for Women (Autonomous), Namakkal,COMPUTER SCIENCE AND ENGINEERING,154.5,140,153,137.5,0,0,0
2621,Er. Perumal Manimekalai College of Engineering (Autonomous), Krishnagiri,COMPUTER SCIENCE AND ENGINEERING,147,128.5,135,134,91.5,115.5,0
2622,V S B Engineering College (Autonomous), Karur,COMPUTER SCIENCE AND ENGINEERING,163.5,146.5,140,143.5,0,0,0
2623,Mahendra College of Engineering, Salem,COMPUTER SCIENCE AND ENGINEERING,127,97.5,0,115.5,90.5,89,110.5
2624,Gnanamani College of Technology (Autonomous), Namakkal,COMPUTER SCIENCE AND ENGINEERING,140.5,105,0,127.5,0,126,137
2625,The Kavery Engineering College, Salem,COMPUTER SCIENCE AND ENGINEERING,119.5,0,0,101,0,0,0
2627,Selvam College of Technology, Namakkal,COMPUTER SCIENCE AND ENGINEERING,117.5,0,98.5,0,103,112,0
2628,Paavai College of Engineering, Namakkal,COMPUTER SCIENCE AND ENGINEERING,135.5,105.5,0,122.5,0,0,116.5
2630,Chettinad College of Engineering and Technology, Karur,COMPUTER SCIENCE AND ENGINEERING,146,130.5,116,139.5,119.5,121,0
2632,Mahendra Institute of Technology (Autonomous), Namakkal,COMPUTER SCIENCE AND ENGINEERING,136.5,116,0,124.5,98.5,0,0
2633,Vidyaa Vikas College of Engineering and Technology, Namakkal,COMPUTER SCIENCE AND ENGINEERING,0,0,0,0,0,0,0
2634,Excel Engineering College (Autonomous), Namakkal,COMPUTER SCIENCE AND ENGINEERING,138,102,0,115.5,0,0,111.5
2635,CMS College of Engineering, Namakkal,COMPUTER SCIENCE AND ENGINEERING,122.5,0,0,0,0,0,0
2636,A V S Engineering College, Salem,COMPUTER SCIENCE AND ENGINEERING,131.5,110,123,113.5,90,0,0
2638,Mahendra Engineering College for Women, Namakkal,COMPUTER SCIENCE AND ENGINEERING,109,0,0,0,0,0,0
2639,R P Sarathy Institute of Technology, Salem,COMPUTER SCIENCE AND ENGINEERING,142,104.5,126.5,127.5,0,0,0
2640,Jayalakshmi Institute of Technology, Dharmapuri,COMPUTER SCIENCE AND ENGINEERING,0,0,0,0,0,0,0
2641,Varuvan Vadivelan Institute of Technology, Dharmapuri,COMPUTER SCIENCE AND ENGINEERING,99.5,0,0,0,0,0,0
2642,P S V College of Engineering and Technology, Krishnagiri,COMPUTER SCIENCE AND ENGINEERING,140.5,106,103,122,87.5,0,88.5
2643,Bharathiyar Institute of Engineering for Women, Salem,COMPUTER SCIENCE AND ENGINEERING,132,0,0,0,93,0,0
2646,Tagore Institute of Engineering and Technology, Salem,COMPUTER SCIENCE AND ENGINEERING,132.5,0,0,0,0,0,0
2647,J K K Nataraja College of Engineering and Technology, Namakkal,COMPUTER SCIENCE AND ENGINEERING,121,0,0,101.5,0,0,0
2648,Annapoorana Engineering College (Autonomous), Salem,COMPUTER SCIENCE AND ENGINEERING,127,0,105,117,97.5,0,0
2650,Christ The King Engineering College, Coimbatore,COMPUTER SCIENCE AND ENGINEERING,143.5,99.5,100.5,100,110,116.5,0
2651,Jai Shriram Engineering College, Tiruppur,COMPUTER SCIENCE AND ENGINEERING,139.5,117.5,0,98,0,0,0
2652,AL-Ameen Engineering College (Autonomous), Erode,COMPUTER SCIENCE AND ENGINEERING,100,0,94.5,0,0,0,0
2653,Knowledge Institute of Technology (Autonomous), Salem,COMPUTER SCIENCE AND ENGINEERING,170.5,157,142.5,150,0,113,117.5
2656,Builders Engineering College, Tiruppur,COMPUTER SCIENCE AND ENGINEERING,166,145,101.5,141.5,0,164,0
2658,V S A Group of Institutions, Salem,COMPUTER SCIENCE AND ENGINEERING,0,0,0,0,0,0,0
2659,Salem College of Engineering and Technology, Salem,COMPUTER SCIENCE AND ENGINEERING,126,0,113,0,92.5,97.5,0
2661,Vivekanandha College of Technology for Women, Namakkal,COMPUTER SCIENCE AND ENGINEERING,156.5,138,0,136,0,0,0
2673,Sree Sakthi Engineering College, Coimbatore,COMPUTER SCIENCE AND ENGINEERING,152,140,112,116,124,103,130.5
2683,Shreenivasa Engineering College, Dharmapuri,COMPUTER SCIENCE AND ENGINEERING,93,0,0,0,0,83.5,0
2702,Bannari Amman Institute of Technology (Autonomous), Erode,COMPUTER SCIENCE AND ENGINEERING,189,184.5,170,181,144.5,152.5,104
2704,Coimbatore Institute of Engineering and Technology (Autonomous), Coimbatore,COMPUTER SCIENCE AND ENGINEERING,164,155,155.5,149,132,0,0
2705,CSI College of Engineering, Nilgiris,COMPUTER SCIENCE AND ENGINEERING,116,0,0,0,0,0,0
2706,Dr. Mahalingam College of Engineering and Technology (Autonomous), Coimbatore,COMPUTER SCIENCE AND ENGINEERING,178.5,174,163,162,122,103,123.5
2707,Erode Sengunthar Engineering College (Autonomous), Erode,COMPUTER SCIENCE AND ENGINEERING,143.5,131.5,117.5,126.5,0,109,0
2708,Hindusthan College of Engineering and Technology (Autonomous), Coimbatore,COMPUTER SCIENCE AND ENGINEERING,167,156.5,157,152,123.5,111,0
2709,Government College of Engineering, Erode,COMPUTER SCIENCE AND ENGINEERING,188,179.5,181.205,180.605,163,161.615,0
2710,Karpagam College of Engineering (Autonomous), Coimbatore,COMPUTER SCIENCE AND ENGINEERING,187,184,176,176.5,141.5,144.5,134
2711,Kongu Engineering College (Autonomous), Erode,COMPUTER SCIENCE AND ENGINEERING,187,179.5,173,176,134,141,0
2712,Kumaraguru College of Technology (Autonomous), Coimbatore,COMPUTER SCIENCE AND ENGINEERING,195,192.5,191,190.5,173.5,162.5,168
2713,M P Nachimuthu M Jaganathan Engineering College, Erode,COMPUTER SCIENCE AND ENGINEERING,121,0,0,0,0,111,0
2715,Nandha Engineering College (Autonomous), Erode,COMPUTER SCIENCE AND ENGINEERING,155.5,141.5,125.5,137,0,0,0
2716,Park College of Engineering and Technology, Coimbatore,COMPUTER SCIENCE AND ENGINEERING,142,120,141.5,114,93,0,0
2717,Sasurie College of Engineering, Tiruppur,COMPUTER SCIENCE AND ENGINEERING,94,0,0,0,0,0,0
2718,Sri Krishna College of Engineering and Technology (Autonomous), Coimbatore,COMPUTER SCIENCE AND ENGINEERING,192.5,190,188.5,187,157,152.5,135.5
2719,Sri Ramakrishna Engineering College (Autonomous), Coimbatore,COMPUTER SCIENCE AND ENGINEERING,183,175,175.5,172.5,142,119,144.5
2721,Tamilnadu College of Engineering, Coimbatore,COMPUTER SCIENCE AND ENGINEERING,154.5,127,0,121,120,133.5,0
2722,Sri Krishna College of Technology (Autonomous), Coimbatore,COMPUTER SCIENCE AND ENGINEERING,184.5,179.5,176,173.5,141,131.5,148.76
2723,Velalar College of Engineering and Technology (Autonomous), Erode,COMPUTER SCIENCE AND ENGINEERING,167,154.5,141.5,153,0,0,0
2725,Sri Ramakrishna Institute of Technology (Autonomous), Coimbatore,COMPUTER SCIENCE AND ENGINEERING,163.5,155.5,150,149,108.5,0,131.5
2726,SNS College of Technology (Autonomous), Coimbatore,COMPUTER SCIENCE AND ENGINEERING,165.5,156,155,151,108,120,0
2727,Sri Shakthi Institute of Engineering and Technology (Autonomous), Coimbatore,COMPUTER SCIENCE AND ENGINEERING,166.5,157,156,147,0,0,0
2729,Nehru Institute of Engineering and Technology, Coimbatore,COMPUTER SCIENCE AND ENGINEERING,161,147.5,150,142,139.5,115,123.5
2731,R V S College of Engineering and Technology, Coimbatore,COMPUTER SCIENCE AND ENGINEERING,176.5,146,128.5,145.5,122.5,107,0
2732,Info Institute of Engineering, Coimbatore,COMPUTER SCIENCE AND ENGINEERING,130,96.5,0,99.5,0,0,0
2733,Angel College of Engineering and Technology, Tiruppur,COMPUTER SCIENCE AND ENGINEERING,0,0,0,0,0,0,0
2734,SNS College of Engineering (Autonomous), Coimbatore,COMPUTER SCIENCE AND ENGINEERING,161.5,152.5,155.5,147.5,106,0,0
2735,Karpagam Institute of Technology, Coimbatore,COMPUTER SCIENCE AND ENGINEERING,172,166,170.5,157,130,130,154
2736,Dr. N G P Institute of Technology (Autonomous), Coimbatore,COMPUTER SCIENCE AND ENGINEERING,172,165.5,145.5,154.5,103.5,0,117.5
2737,Sri Sai Ranganathan Engineering College, Coimbatore,COMPUTER SCIENCE AND ENGINEERING,125.5,0,0,0,0,0,102.5
2739,Sri Eshwar College of Engineering (Autonomous), Coimbatore,COMPUTER SCIENCE AND ENGINEERING,186,179.5,178.5,178,150.5,127.5,169
2740,Hindusthan Institute of Technology (Autonomous), Coimbatore,COMPUTER SCIENCE AND ENGINEERING,157,149.5,142,145.5,94.5,0,0
2741,P A College of Engineering and Technology (Autonomous), Coimbatore,COMPUTER SCIENCE AND ENGINEERING,151.5,136,111.5,123.5,95.5,130.5,0
2743,Dhanalakshmi Srinivasan College of Engineering, Coimbatore,COMPUTER SCIENCE AND ENGINEERING,141.5,136,131.5,130.5,0,90,103.5
2744,Adithya Institute of Technology, Coimbatore,COMPUTER SCIENCE AND ENGINEERING,147,140,127.5,139,0,0,0
2745,Kathir College of Engineering, Coimbatore,COMPUTER SCIENCE AND ENGINEERING,140.5,123,112,122.5,104,119.5,0
2747,Shree Venkateshwara Hi-Tech Engineering College (Autonomous), Erode,COMPUTER SCIENCE AND ENGINEERING,126.5,95.5,0,111,0,0,0
2748,Surya Engineering College, Erode,COMPUTER SCIENCE AND ENGINEERING,117.5,0,103.5,0,0,0,0
2749,Easa College of Engineering and Technology, Coimbatore,COMPUTER SCIENCE AND ENGINEERING,128,108,102.5,92.5,0,0,0
2750,KIT - Kalaignar Karunanidhi Institute of Technology (Autonomous), Coimbatore,COMPUTER SCIENCE AND ENGINEERING,163,154,136.5,151,134,146,0
2751,KGISL Institute of Technology, Coimbatore,COMPUTER SCIENCE AND ENGINEERING,174.5,165.5,166,151.5,113.5,103.5,0
2752,Nandha College of Technology, Erode,COMPUTER SCIENCE AND ENGINEERING,142,127.5,0,125.5,0,108.5,0
2753,PPG Institute of Technology, Coimbatore,COMPUTER SCIENCE AND ENGINEERING,134.5,0,0,97.5,0,0,0
2755,Nehru Institute of Technology (Autonomous), Coimbatore,COMPUTER SCIENCE AND ENGINEERING,153.5,143,151,142,108,89,0
2758,J K K Munirajah College of Technology, Erode,COMPUTER SCIENCE AND ENGINEERING,110.5,0,0,91,0,95,0
2761,United Institute of Technology, Coimbatore,COMPUTER SCIENCE AND ENGINEERING,134,110.5,122.5,106,0,98,130.5
2762,Jansons Institute of Technology, Coimbatore,COMPUTER SCIENCE AND ENGINEERING,141,126,0,108.5,0,0,0
2763,Akshaya College of Engineering and Technology, Coimbatore,COMPUTER SCIENCE AND ENGINEERING,142,125.5,0,123,0,0,0
2764,K P R Institute of Engineering and Technology (Autonomous), Coimbatore,COMPUTER SCIENCE AND ENGINEERING,188,182.5,175,177.065,149.5,158,156.5
2767,SRG Engineering College, Namakkal,COMPUTER SCIENCE AND ENGINEERING,0,0,0,0,0,0,0
2768,Park College of Technology, Coimbatore,COMPUTER SCIENCE AND ENGINEERING,104.5,0,0,0,0,0,0
2769,J C T College of Engineering and Technology, Coimbatore,COMPUTER SCIENCE AND ENGINEERING,136.5,121.5,111,100,0,0,0
2770,Studyworld College of Engineering, Coimbatore,COMPUTER SCIENCE AND ENGINEERING,112.5,0,0,0,0,0,0
2772,C M S College of Engineering and Technology, Coimbatore,COMPUTER SCIENCE AND ENGINEERING,115.5,0,0,0,0,108,0
2776,R V S Technical Campus-Coimbatore, Coimbatore,COMPUTER SCIENCE AND ENGINEERING,148,139,125,134,115,98,0
3011,University College of Engineering Tiruchirappalli, Tiruchirappalli,COMPUTER SCIENCE AND ENGINEERING,179,169.5,173,165.5,152.5,130,115.5
3016,University College of Engineering Ariyalur, Ariyalur,COMPUTER SCIENCE AND ENGINEERING,151.5,132,140,139.5,126,0,0
3018,University College of Engineering Thirukkuvalai, Nagappattinam,COMPUTER SCIENCE AND ENGINEERING,149.5,131,126.5,133.5,118,0,0
3019,University College of Engineering Panruti, Cuddalore,COMPUTER SCIENCE AND ENGINEERING,157,131,134,145.5,130,128,111
3021,University College of Engineering Pattukkottai, Thanjavur,COMPUTER SCIENCE AND ENGINEERING,159,142.5,146.5,140.5,123.5,0,112
3403,Mahalakshmi Engineering College, Tiruchirappalli,COMPUTER SCIENCE AND ENGINEERING,0,0,0,0,0,0,0
3410,Krishnasamy College of Engineering and Technology, Cuddalore,COMPUTER SCIENCE AND ENGINEERING,147,121.5,128.5,134,118.5,100.5,0
3425,C K College of Engineering and Technology, Cuddalore,COMPUTER SCIENCE AND ENGINEERING,152.5,125,147.35,140,131,85,0
3454,Sri Ramakrishna College of Engineering, Perambalur,COMPUTER SCIENCE AND ENGINEERING,131.5,0,110,0,0,0,0
3456,K S K College of Engineering and Technology, Thanjavur,COMPUTER SCIENCE AND ENGINEERING,110.5,0,0,0,0,0,0
3460,Surya College of Engineering, Tiruchirappalli,COMPUTER SCIENCE AND ENGINEERING,0,0,0,0,0,0,0
3461,Arifa Institute of Technology, Nagapattinam,COMPUTER SCIENCE AND ENGINEERING,116,0,109,0,104.5,0,0
3462,Ariyalur Engineering College, Ariyalur,COMPUTER SCIENCE AND ENGINEERING,0,0,0,0,0,0,0
3464,Government College of Engineering, Thanjavur,COMPUTER SCIENCE AND ENGINEERING,175,170,170,162.5,153,140.5,0
3465,Government College of Engineering Srirangam, Tiruchirappalli,COMPUTER SCIENCE AND ENGINEERING,183,170.5,180,174,163,119.5,156.5
3466,Nelliandavar Institute of Technology, Ariyalur,COMPUTER SCIENCE AND ENGINEERING,0,0,0,0,0,0,0
3701,K Ramakrishnan College of Technology (Autonomous), Tiruchirappalli,COMPUTER SCIENCE AND ENGINEERING,160.5,150.5,149,142.5,119.5,0,0
3760,Sir Issac Newton College of Engineering and Technology, Nagappattinam,COMPUTER SCIENCE AND ENGINEERING,117,0,0,82,0,0,0
3766,Star Lion College of Engineering and Technology, Thanjavur,COMPUTER SCIENCE AND ENGINEERING,0,0,0,0,0,0,0
3782,OASYS Institute of Technology, Tiruchirappalli,COMPUTER SCIENCE AND ENGINEERING,120.5,0,0,0,0,0,0
3786,M.A.M. School of Engineering, Tiruchirappalli,COMPUTER SCIENCE AND ENGINEERING,142.5,102.5,107,0,0,0,0
3795,SRM TRP Engineering College, Tiruchirappalli,COMPUTER SCIENCE AND ENGINEERING,161.5,149,147.5,141.6666667,119,108,0
3801,A V C College of Engineering, Mayiladuthurai,COMPUTER SCIENCE AND ENGINEERING,156,143.5,140,140,86,0,0
3802,Shri Angalamman College of Engineering and Technology, Tiruchirappalli,COMPUTER SCIENCE AND ENGINEERING,0,0,0,0,0,0,0
3803,Anjalai Ammal Mahalingam Engineering College, Thiruvarur,COMPUTER SCIENCE AND ENGINEERING,169,158.5,161,142,137.5,0,0
3804,Arasu Engineering College, Thanjavur,COMPUTER SCIENCE AND ENGINEERING,142.5,118.5,106.5,125,0,0,0
3805,Dhanalakshmi Srinivasan Engineering College (Autonomous), Perambalur,COMPUTER SCIENCE AND ENGINEERING,167,151.5,166,144.5,0,115,90.5
3806,E G S Pillay Engineering College (Autonomous), Nagapattinam,COMPUTER SCIENCE AND ENGINEERING,142,120.5,136.5,125.5,105,0,0
3807,J J College of Engineering and Technology, Tiruchirappalli,COMPUTER SCIENCE AND ENGINEERING,144,133,142,123.5,95.5,0,0
3810,M.A.M. College of Engineering, Tiruchirappalli,COMPUTER SCIENCE AND ENGINEERING,130,0,0,0,103.5,0,97
3811,M I E T Engineering College, Tiruchirappalli,COMPUTER SCIENCE AND ENGINEERING,122,0,0,0,0,0,0
3812,Mookambigai College of Engineering, Pudukkottai,COMPUTER SCIENCE AND ENGINEERING,112.5,0,0,0,0,0,0
3813,Oxford Engineering College, Tiruchirappalli,COMPUTER SCIENCE AND ENGINEERING,106.5,0,0,0,0,0,0
3814,P R Engineering College, Thanjavur,COMPUTER SCIENCE AND ENGINEERING,128.5,0,0,0,0,0,0
3815,Pavendar Bharathidasan College of Engineering and Technology, Tiruchirappalli,COMPUTER SCIENCE AND ENGINEERING,128,0,0,0,99.5,86.5,0
3817,Roever Engineering College, Perambalur,COMPUTER SCIENCE AND ENGINEERING,142,0,0,124,0,0,0
3819,Saranathan College of Engineering, Tiruchirappalli,COMPUTER SCIENCE AND ENGINEERING,177,167.5,174,156,144.5,134.5,0
3822,Dr. Navalar Nedunchezhiyan College of Engineering, Cuddalore,COMPUTER SCIENCE AND ENGINEERING,86,0,0,0,0,0,0
3825,St. Joseph's College of Engineering and Technology, Thanjavur,COMPUTER SCIENCE AND ENGINEERING,131.5,102,114,0,0,0,0
3826,Kongunadu College of Engineering and Technology (Autonomous), Tiruchirappalli,COMPUTER SCIENCE AND ENGINEERING,169,150.5,150.5,142.5,119,119,0
3829,M.A.M. College of Engineering and Technology, Tiruchirappalli,COMPUTER SCIENCE AND ENGINEERING,146,115,136,121,108,132,0
3830,K Ramakrishnan College of Engineering (Autonomous), Tiruchirappalli,COMPUTER SCIENCE AND ENGINEERING,175,165,164,158,144.5,0,163.5
3831,Indra Ganesan College of Engineering, Tiruchirappalli,COMPUTER SCIENCE AND ENGINEERING,118,0,0,0,0,0,0
3833,Parisutham Institute of Technology and Science, Thanjavur,COMPUTER SCIENCE AND ENGINEERING,132.5,110.5,126.5,0,0,0,0
3841,CARE College of Engineering, Tiruchirappalli,COMPUTER SCIENCE AND ENGINEERING,146,135.5,140,130.5,0,112,0
3843,M R K Institute of Technology, Cuddalore,COMPUTER SCIENCE AND ENGINEERING,141,0,0,131.5,0,0,0
3844,Shivani Engineering College, Tiruchirappalli,COMPUTER SCIENCE AND ENGINEERING,127,0,0,0,0,0,0
3845,Imayam College of Engineering, Tiruchirappalli,COMPUTER SCIENCE AND ENGINEERING,0,0,0,0,0,0,0
3846,Mother Terasa College of Engineering and Technology, Pudukkottai,COMPUTER SCIENCE AND ENGINEERING,0,0,0,0,0,0,0
3848,Vandayar Engineering College, Thanjavur,COMPUTER SCIENCE AND ENGINEERING,0,0,0,0,0,0,0
3849,Annai College of Engineering and Technology, Thanjavur,COMPUTER SCIENCE AND ENGINEERING,0,0,0,0,0,0,0
3850,Vetri Vinayaha College of Engineering and Technology, Tiruchirappalli,COMPUTER SCIENCE AND ENGINEERING,0,0,0,0,0,0,0
3852,Sri Bharathi Engineering College for Women, Pudukkottai,COMPUTER SCIENCE AND ENGINEERING,125.5,0,121.5,0,0,0,0
3854,Mahath Amma Institute of Engineering and Technology (MIET), Pudukkottai,COMPUTER SCIENCE AND ENGINEERING,0,0,0,0,0,0,0
3855,As-Salam College of Engineering and Technology, Thanjavur,COMPUTER SCIENCE AND ENGINEERING,0,0,0,0,0,0,0
3857,Meenakshi Ramaswamy Engineering College, Ariyalur,COMPUTER SCIENCE AND ENGINEERING,115.5,0,0,0,0,0,0
3859,Sembodai Rukmani Varatharajan Engineering College, Nagapattinam,COMPUTER SCIENCE AND ENGINEERING,0,0,0,0,0,0,0
3860,St. Anne's College of Engineering and Technology, Cuddalore,COMPUTER SCIENCE AND ENGINEERING,112,0,0,0,0,0,0
3905,Kings College of Engineering, Pudukkottai,COMPUTER SCIENCE AND ENGINEERING,143,110.5,128,0,124.5,0,0
3908,Mount Zion College of Engineering and Technology, Pudukkottai,COMPUTER SCIENCE AND ENGINEERING,153.5,133,141.5,105.5,0,0,0
3918,Shanmuganathan Engineering College, Pudukkottai,COMPUTER SCIENCE AND ENGINEERING,0,0,0,0,0,0,0
3920,Sudharsan Engineering College, Pudukkottai,COMPUTER SCIENCE AND ENGINEERING,126.5,0,0,0,0,0,0
3923,M N S K College of Engineering, Pudukkottai,COMPUTER SCIENCE AND ENGINEERING,0,0,0,0,0,0,0
3926,Chendhuran College of Engineering and Technology, Pudukkottai,COMPUTER SCIENCE AND ENGINEERING,113,0,0,0,0,0,0
4020,Anna University Regional Campus - Tirunelveli, Tirunelveli,COMPUTER SCIENCE AND ENGINEERING,180,169.5,166,167,155.5,92,0
4023,University College of Engineering Nagercoil, Kanyakumari,COMPUTER SCIENCE AND ENGINEERING,173.5,164.5,155.5,146,124,0,0
4669,Thamirabharani Engineering College, Tirunelveli,COMPUTER SCIENCE AND ENGINEERING,0,0,0,0,0,0,0
4670,Rohini College of Engineering & Technology, Kanyakumari,COMPUTER SCIENCE AND ENGINEERING,151.5,142.5,143.5,0,0,0,0
4672,Stella Mary's College of Engineering, Kanyakumari,COMPUTER SCIENCE AND ENGINEERING,146,128.5,0,116.5,0,0,0
4675,Universal College of Engineering and Technology, Tirunelveli,COMPUTER SCIENCE AND ENGINEERING,125.5,88.5,0,0,0,0,0
4676,Renganayagi Varatharaj College of Engineering, Virudhunagar,COMPUTER SCIENCE AND ENGINEERING,132,101,0,0,0,0,0
4677,Lourdes Mount College of Engineering and Technology, Kanyakumari,COMPUTER SCIENCE AND ENGINEERING,93.5,0,0,0,0,0,0
4678,Ramco Institute of Technology, Virudhunagar,COMPUTER SCIENCE AND ENGINEERING,172,161,161.5,142,0,0,0
4680,AAA College of Engineering and Technology, Virudhunagar,COMPUTER SCIENCE AND ENGINEERING,155.5,138.5,113,0,132.5,0,0
4686,Good Shepherd College of Engineering and Technology, Kanyakumari,COMPUTER SCIENCE AND ENGINEERING,0,0,0,0,0,0,0
4864,V V College of Engineering, Thoothukudi,COMPUTER SCIENCE AND ENGINEERING,146,124,0,0,0,0,0
4917,Sethu Institute of Technology (Autonomous), Virudhunagar,COMPUTER SCIENCE AND ENGINEERING,156.5,147,151,135,0,126,0
4927,Maria College of Engineering and Technology, Kanyakumari,COMPUTER SCIENCE AND ENGINEERING,117.5,0,0,0,0,0,0
4928,MAR Ephraem College of Engineering & Technology, Kanyakumari,COMPUTER SCIENCE AND ENGINEERING,153.5,142.5,137.5,0,0,0,0
4929,M E T Engineering College, Kanyakumari,COMPUTER SCIENCE AND ENGINEERING,0,0,0,0,0,0,0
4931,Grace College of Engineering, Thoothukudi,COMPUTER SCIENCE AND ENGINEERING,118,0,0,0,0,0,0
4933,St. Mother Theresa Engineering College, Thoothukudi,COMPUTER SCIENCE AND ENGINEERING,126,0,0,0,0,0,0
4934,Holy Cross Engineering College, Thoothukudi,COMPUTER SCIENCE AND ENGINEERING,140,97.5,132,0,0,109.5,0
4937,A.R College of Engineering and Technology, Tirunelveli,COMPUTER SCIENCE AND ENGINEERING,0,0,0,0,0,0,0
4938,Sivaji College of Engineering and Technology, Kanyakumari,COMPUTER SCIENCE AND ENGINEERING,0,0,0,0,0,0,0
4941,Unnamalai Institute of Technology, Thoothukudi,COMPUTER SCIENCE AND ENGINEERING,148.5,120,0,112,107,136.5,0
4943,Satyam College of Engineering and Technology, Kanyakumari,COMPUTER SCIENCE AND ENGINEERING,0,0,0,0,0,0,0
4944,Arunachala College of Engineering for Women, Kanyakumari,COMPUTER SCIENCE AND ENGINEERING,156,134.5,137.5,0,0,0,0
4946,D M I Engineering College, Kanyakumari,COMPUTER SCIENCE AND ENGINEERING,126.5,0,0,0,0,0,0
4949,PSN Institute of Technology and Science, Tirunelveli,COMPUTER SCIENCE AND ENGINEERING,131,0,0,0,0,0,0
4952,C S I Institute of Technology, Kanyakumari,COMPUTER SCIENCE AND ENGINEERING,114,0,0,0,0,0,0
4953,CAPE Institute of Technology, Tirunelveli,COMPUTER SCIENCE AND ENGINEERING,128.5,104.5,0,0,0,0,0
4954,Dr. Sivanthi Aditanar College of Engineering, Thoothukudi,COMPUTER SCIENCE AND ENGINEERING,166.5,158.5,153.5,120,0,0,0
4955,Francis Xavier Engineering College (Autonomous), Tirunelveli,COMPUTER SCIENCE AND ENGINEERING,168.5,156.5,158.5,138,127.5,0,0
4956,Jayamatha Engineering College, Kanyakumari,COMPUTER SCIENCE AND ENGINEERING,137,0,0,0,0,0,0
4957,Jayaraj Annapackiam CSI College of Engineering, Thoothukudi,COMPUTER SCIENCE AND ENGINEERING,158,141.5,0,105.5,0,0,0
4959,Kamaraj College of Engineering and Technology (Autonomous), Virudhunagar,COMPUTER SCIENCE AND ENGINEERING,163,152,153.5,137.5,0,0,0
4960,Mepco Schlenk Engineering College (Autonomous), Virudhunagar,COMPUTER SCIENCE AND ENGINEERING,185,178,178,163.5,143,0,0
4961,Nellai College of Engineering, Tirunelveli,COMPUTER SCIENCE AND ENGINEERING,122.5,0,0,0,0,0,0
4962,National Engineering College (Autonomous), Thoothukudi,COMPUTER SCIENCE AND ENGINEERING,183.5,175,182,165.5,135.5,0,0
4964,PSN College of Engineering and Technology (Autonomous), Tirunelveli,COMPUTER SCIENCE AND ENGINEERING,143.5,127.5,91,104,119.5,0,0
4965,P S R Engineering College (Autonomous), Virudhunagar,COMPUTER SCIENCE AND ENGINEERING,160,147,144.5,129,0,97,0
4966,PET Engineering College, Tirunelveli,COMPUTER SCIENCE AND ENGINEERING,139,121.5,125.5,0,0,0,0
4967,S Veerasamy Chettiar College of Engineering and Technology, Tenkasi,COMPUTER SCIENCE AND ENGINEERING,107,0,94.5,0,0,0,0
4968,Sardar Raja College of Engineering, Tenkasi,COMPUTER SCIENCE AND ENGINEERING,99.5,0,0,0,0,0,0
4969,SCAD College of Engineering and Technology, Tirunelveli,COMPUTER SCIENCE AND ENGINEERING,142,119,139.5,0,101.5,0,0
4970,Sree Sowdambika College of Engineering, Virudhunagar,COMPUTER SCIENCE AND ENGINEERING,114,0,0,0,0,0,0
4971,St. Xavier's Catholic College of Engineering (Autonomous), Kanyakumari,COMPUTER SCIENCE AND ENGINEERING,181,170,175.5,140,0,0,0
4972,AMRITA College of Engineering and Technology, Kanyakumari,COMPUTER SCIENCE AND ENGINEERING,160,141.5,130.5,0,0,0,0
4974,Government College of Engineering, Tirunelveli,COMPUTER SCIENCE AND ENGINEERING,192,187.5,190,185.495,173.5,142.5,108
4975,Dr. G U Pope College of Engineering, Thoothukudi,COMPUTER SCIENCE AND ENGINEERING,124.5,99,0,0,0,0,0
4976,Infant Jesus College of Engineering, Thoothukudi,COMPUTER SCIENCE AND ENGINEERING,124.5,0,0,0,0,0,0
4977,Narayanaguru College of Engineering, Kanyakumari,COMPUTER SCIENCE AND ENGINEERING,0,0,0,0,0,0,0
4978,Udaya School of Engineering, Kanyakumari,COMPUTER SCIENCE AND ENGINEERING,95.5,0,0,0,0,0,0
4979,Arul Tharum VPMM College of Engineering and Technology, Virudhunagar,COMPUTER SCIENCE AND ENGINEERING,119,0,0,0,0,103.5,0
4980,Einstein College of Engineering, Tirunelveli,COMPUTER SCIENCE AND ENGINEERING,151,138.5,143.5,0,0,0,0
4981,Ponjesly College of Engineering, Kanyakumari,COMPUTER SCIENCE AND ENGINEERING,158.5,149,140,107.5,0,0,0
4982,Vins Christian College of Engineering, Kanyakumari,COMPUTER SCIENCE AND ENGINEERING,101.5,0,0,0,0,0,0
4983,Lord Jegannath College of Engineering and Technology, Kanyakumari,COMPUTER SCIENCE AND ENGINEERING,94.5,0,0,0,0,0,0
4984,Marthandam College of Engineering & Technology, Kanyakumari,COMPUTER SCIENCE AND ENGINEERING,107,0,0,0,0,0,0
4986,Noorul Islam College of Engineering and Technology, Kanyakumari,COMPUTER SCIENCE AND ENGINEERING,0,0,0,0,0,0,0
4989,PSN Engineering College, Tirunelveli,COMPUTER SCIENCE AND ENGINEERING,125,0,119,0,0,0,0
4992,Bethlahem Institute of Engineering, Kanyakumari,COMPUTER SCIENCE AND ENGINEERING,118.5,0,101.5,0,0,0,0
4993,Loyola Institute of Technology and Science, Kanyakumari,COMPUTER SCIENCE AND ENGINEERING,122,0,0,0,0,0,0
4994,J P College of Engineering, Tenkasi,COMPUTER SCIENCE AND ENGINEERING,130,91,0,0,0,0,0
4995,P.S.R.R College of Engineering, Virudhunagar,COMPUTER SCIENCE AND ENGINEERING,142.5,141.5,0,130.5,0,117,0
4996,Sri Vidya College of Engineering and Technology, Virudhunagar,COMPUTER SCIENCE AND ENGINEERING,143.5,0,126.5,0,88.5,0,0
4998,Mahakavi Bharathiyar College of Engineering and Technology, Tenkasi,COMPUTER SCIENCE AND ENGINEERING,0,0,0,0,0,0,0
4999,Annai Vailankanni College of Engineering, Kanyakumari,COMPUTER SCIENCE AND ENGINEERING,121.5,101.5,0,0,0,0,0
5008,Thiagarajar College of Engineering (Autonomous), Madurai,COMPUTER SCIENCE AND ENGINEERING,198,196.5,195,194,187,178.43,159.5
5009,Government College of Engineering, Theni,COMPUTER SCIENCE AND ENGINEERING,174,163,165.5,162,150,120.5,0
5010,Anna University Regional Campus - Madurai, Madurai,COMPUTER SCIENCE AND ENGINEERING,177,166.5,165.5,168.5,150,152.5,0
5017,University College of Engineering Ramanathapuram, Ramanathapuram,COMPUTER SCIENCE AND ENGINEERING,147.5,129,0,132.5,107,0,0
5022,University College of Engineering Dindigul, Dindigul,COMPUTER SCIENCE AND ENGINEERING,156.5,146,127.5,146.5,128,0,0
5502,Sri Raajaraajan College of Engineering & Technology, Sivagangai,COMPUTER SCIENCE AND ENGINEERING,128,99,0,0,0,0,0
5530,SSM Institute of Engineering and Technology, Dindigul,COMPUTER SCIENCE AND ENGINEERING,163,145,158.5,127.5,0,0,0
5532,Vaigai College of Engineering, Madurai,COMPUTER SCIENCE AND ENGINEERING,138,0,119.5,0,126,0,0
5533,Karaikudi Institute of Technology and Karaikudi Institute of Management, Sivagangai,COMPUTER SCIENCE AND ENGINEERING,116.5,0,0,0,0,0,0
5536,Mangayarkarasi College of Engineering, Madurai,COMPUTER SCIENCE AND ENGINEERING,151.5,119.5,129.5,0,119.5,124,0
5537,Jainee College of Engineering and Technology, Dindigul,COMPUTER SCIENCE AND ENGINEERING,0,0,0,0,0,0,0
5703,Christian College of Engineering and Technology, Dindigul,COMPUTER SCIENCE AND ENGINEERING,124.5,0,0,0,0,112,0
5832,N P R College of Engineering and Technology (Autonomous), Dindigul,COMPUTER SCIENCE AND ENGINEERING,145,132.5,132,114.5,0,119.5,0
5842,SRM Madurai College for Engineering and Technology, Sivagangai,COMPUTER SCIENCE AND ENGINEERING,170.5,163,167.5,143,0,0,0
5851,Veerammal Engineering College, Dindigul,COMPUTER SCIENCE AND ENGINEERING,0,0,0,0,0,0,0
5862,R V S Educational Trust's Groups of Institutions (Integrated Campus), Dindigul,COMPUTER SCIENCE AND ENGINEERING,127.5,113,0,0,104,120,0
5865,Nadar Saraswathi College of Engineering and Technology, Theni,COMPUTER SCIENCE AND ENGINEERING,155,132,146.5,129,0,0,0
5901,Alagappa Chettiar Government College of Engineering and Technology (Autonomous), Sivagangai,COMPUTER SCIENCE AND ENGINEERING,191.5,187.5,185.5,185.5,176.5,151,162
5902,Bharath Niketan Engineering College, Theni,COMPUTER SCIENCE AND ENGINEERING,112,0,0,0,0,0,0
5904,K L N College of Engineering (Autonomous), Sivagangai,COMPUTER SCIENCE AND ENGINEERING,168,161,146,141.5,0,0,0
5907,Mohamed Sathak Engineering College, Ramanathapuram,COMPUTER SCIENCE AND ENGINEERING,163.5,123.5,161.5,0,126.5,132,0
5910,P S N A College of Engineering and Technology (Autonomous), Dindigul,COMPUTER SCIENCE AND ENGINEERING,178.5,171,167,155.5,119.5,0,0
5911,P T R College of Engineering and Technology, Madurai,COMPUTER SCIENCE AND ENGINEERING,0,0,0,0,0,0,0
5912,Pandian Saraswathi Yadav Engineering College, Sivagangai,COMPUTER SCIENCE AND ENGINEERING,112,0,0,0,0,0,0
5913,R V S College of Engineering, Dindigul,COMPUTER SCIENCE AND ENGINEERING,131,119,119,0,0,118.5,0
5914,Solamalai College of Engineering, Madurai,COMPUTER SCIENCE AND ENGINEERING,128,0,0,0,0,0,0
5915,SACS-M A V M M Engineering College, Madurai,COMPUTER SCIENCE AND ENGINEERING,148,129,130,111,140,0,0
5919,St. Michael College of Engineering and Technology, Sivagangai,COMPUTER SCIENCE AND ENGINEERING,119,0,0,0,0,0,0
5921,Syed Ammal Engineering College, Ramanathapuram,COMPUTER SCIENCE AND ENGINEERING,139,108,135.5,0,0,0,0
5924,Ganapathy Chettiar College of Engineering and Technology, Ramanathapuram,COMPUTER SCIENCE AND ENGINEERING,0,0,0,0,0,0,0
5930,SBM College of Engineering and Technology, Dindigul,COMPUTER SCIENCE AND ENGINEERING,117.5,0,0,0,0,95,0
5935,Fatima Michael College of Engineering and Technology, Madurai,COMPUTER SCIENCE AND ENGINEERING,138,0,0,0,92,98,0
5942,Ultra College of Engineering and Technology, Madurai,COMPUTER SCIENCE AND ENGINEERING,112.5,0,95,0,0,0,0
5986,Velammal College of Engineering and Technology (Autonomous), Madurai,COMPUTER SCIENCE AND ENGINEERING,183,175,176.5,159,122,109.5,0
5988,Theni Kammavar Sangam College of Technology, Theni,COMPUTER SCIENCE AND ENGINEERING,132.5,108.5,129,0,0,102,0
