1,CEG Campus,Chennai,MECH,198,196,195,192,185,180,175
2,ACT Campus,Chennai,MECH,195,193,192,190,183,178,173
4,MIT Campus,Chennai,MECH,197,195,194,191,184,179,174
5,Annamalai University,Chidambaram,MECH,190,188,187,185,178,172,165
1013,University College of Engineering,Thirukkuvalai,MECH,180,178,176,174,168,162,155
1014,University College of Engineering,Panruti,MECH,182,180,178,176,170,164,157
1015,University College of Engineering,Ariyalur,MECH,181,179,177,175,169,163,156
1026,University College of Engineering,Tindivanam,MECH,183,181,179,177,171,165,158
1101,Aalim Muhammed Salegh College of Engineering,Chennai,MECH,175,173,171,169,163,157,150
1106,Jaya Engineering College,Chennai,MECH,177,175,173,171,165,159,152
1107,Lakshmi Chand Rajani College of Engineering and Technology,Chennai,MECH,172,170,168,166,160,154,147
1110,Prathyusha Institute of Technology and Management,Chennai,MECH,176,174,172,170,164,158,151
1112,R.M.D Engineering College,Chennai,MECH,190,188,186,184,178,172,165
1113,R.M.K Engineering College,Chennai,MECH,192,190,188,186,180,174,167
1114,S.A Engineering College,Chennai,MECH,189,187,185,183,177,171,164
1115,Sri Ram Engineering College,Chennai,MECH,180,178,176,174,168,162,155
1116,Sri Venkateswara College of Engineering and Technology,Chennai,MECH,178,176,174,172,166,160,153
1118,Vel Multi Tech Dr.Rangarajan Dr.Sakunthala Engineering College,Chennai,MECH,179,177,175,173,167,161,154
1120,Velammal Engineering College,Chennai,MECH,185,183,181,179,173,167,160
1121,Sri Venkateswara Institute of Science and Technology,Chennai,MECH,170,168,166,164,158,152,145
1122,Vel High Tech Dr.Rangarajan Dr.Sakunthala Engineering College,Chennai,MECH,175,173,171,169,163,157,150
1123,Gojan School of Business and Technology,Chennai,MECH,168,166,164,162,156,150,143
1124,Sams College of Engineering and Technology,Chennai,MECH,167,165,163,161,155,149,142
1125,PMR Engineering College,Chennai,MECH,176,174,172,170,164,158,151
1126,JNN Institute of Engineering,Chennai,MECH,172,170,168,166,160,154,147
1127,St. Peters College of Engineering and Technology,Chennai,MECH,178,176,174,172,166,160,153
1128,R.M.K. College of Engineering and Technology,Chennai,MECH,191,189,187,185,179,173,166
1131,Vel Tech,Chennai,MECH,188,186,184,182,176,170,163
1133,Annai Veilankanni's College of Engineering,Chennai,MECH,171,169,167,165,159,153,146
1137,Annai Mira College of Engineering and Technology,Chennai,MECH,170,168,166,164,158,152,145
1209,Pallavan College of Engineering,Kanchipuram,MECH,169,167,165,163,157,151,144
1210,Panimalar Engineering College,Chennai,MECH,186,184,182,180,174,168,161
1211,Rajalakshmi Engineering College,Chennai,MECH,189,187,185,183,177,171,164
1212,Rajiv Gandhi College of Engineering,Chennai,MECH,180,178,176,174,168,162,155
1213,S.K.R Engineering College,Chennai,MECH,177,175,173,171,165,159,152
1214,Sakthi Mariamman Engineering College,Chennai,MECH,175,173,171,169,163,157,150
1216,Saveetha Engineering College,Chennai,MECH,185,183,181,179,173,167,160
1217,Sree Sastha Institute of Engineering and Technology,Chennai,MECH,174,172,170,168,162,156,149
1218,Sri Muthukumaran Institute of Technology,Chennai,MECH,172,170,168,166,160,154,147
1219,Sri Venkateswara College of Engineering,Chennai,MECH,188,186,184,182,176,170,163
1234,Indira Gandhi College of Engineering and Technology for Women,Chennai,MECH,168,166,164,162,156,150,143
1235,JEI Mathaajee College of Engineering,Chennai,MECH,166,164,162,160,154,148,141
1237,Velammal Institute of Technology,Chennai,MECH,180,178,176,174,168,162,155
1238,BKR College of Engineering and Technology,Chennai,MECH,165,163,161,159,153,147,140
1241,T.J.S. Engineering College,Chennai,MECH,170,168,166,164,158,152,145
1242,Sree Sastha College of Engineering,Chennai,MECH,172,170,168,166,160,154,147
1243,Madha Institute of Engineering and Technology,Chennai,MECH,171,169,167,165,159,153,146
1301,Mohamed Sathak A.J. College of Engineering,Chennai,MECH,173,171,169,167,161,155,148
1303,Anand Institute of Higher Technology,Chennai,MECH,175,173,171,169,163,157,150
1304,Easwari Engineering College,Chennai,MECH,190,185,183,180,170,160,150
1319,Thangavelu Engineering College,Chennai,MECH,175,170,168,165,155,145,140
1320,S.R.R Engineering College,Chennai,MECH,180,175,172,170,160,150,145
1321,Central Institute of Plastics Engineering and Technology,Chennai,MECH,185,180,178,175,165,155,150
1322,Dhanalakshmi Srinivasan College of Engineering and Technology,Chennai,MECH,170,165,163,160,150,140,135
1323,A.C.T. College of Engineering and Technology,Chennai,MECH,165,160,158,155,145,135,130
1324,Sri Sai Ram Institute of Technology,Chennai,MECH,190,185,183,180,170,160,150
1325,St.Joseph's College of Engineering,Chennai,MECH,195,190,188,185,175,165,155
1333,VI Institute of Technology,Chennai,MECH,180,175,173,170,160,150,145
1334,Balamani Arunachalam Educational & Charitable Trust's group of inst.,Chennai,MECH,160,155,153,150,140,130,125
1335,Sri Krishna Institute of Technology,Chennai,MECH,175,170,168,165,155,145,140
1413,Sri Venkateswaraa College of Technology,Chennai,MECH,170,165,163,160,150,140,135
1414,Prince Shri Venkateshwara Padmavathy Engineering College,Chennai,MECH,175,170,168,165,155,145,140
1415,T.S.M. Jain College of Technology,Chennai,MECH,160,155,153,150,140,130,125
1416,Sakthi Engineering College,Chennai,MECH,165,160,158,155,145,135,130
1417,Shri Andal Alagar College of Engineering,Chennai,MECH,170,165,163,160,150,140,135
1418,Sri Lakshmi Ammal Engineering College,Chennai,MECH,175,170,168,165,155,145,140
1419,Sri Sairam Engineering College,Chennai,MECH,195,190,188,185,175,165,155
1420,Tagore Engineering College,Chennai,MECH,180,175,173,170,160,150,145
1421,V.R.S. College of Engineering and Technology,Chennai,MECH,170,165,163,160,150,140,135
1422,Valliammai Engineering College,Chennai,MECH,190,185,183,180,170,160,150
1435,Balaji College of Engineering and Technology,Chennai,MECH,165,160,158,155,145,135,130
1436,A.R. Engineering College,Chennai,MECH,160,155,153,150,140,130,125
1437,Rrase College of Engineering,Chennai,MECH,170,165,163,160,150,140,135
1438,Sree Krishna College of Engineering,Chennai,MECH,175,170,168,165,155,145,140
1439,S.R.I College of Engineering and Technology,Chennai,MECH,160,155,153,150,140,130,125
1440,Jaya Suriya Engineering College,Chennai,MECH,165,160,158,155,145,135,130
1441,A K T Memorial College of Engineering and Technology,Chennai,MECH,160,155,153,150,140,130,125
1442,Prince Dr.K.Vasudevan College of Engineering and Technology,Chennai,MECH,175,170,168,165,155,145,140
1444,Chendu College of Engineering and Technology,Chennai,MECH,160,155,153,150,140,130,125
1445,Sri Rangapoopathi College of Engineering,Chennai,MECH,165,160,158,155,145,135,130
1508,Kamban Engineering College,Tiruvannamalai,MECH,160,155,153,150,140,130,125
1509,Meenakshi College of Engineering,Chennai,MECH,175,170,168,165,155,145,140
1510,Priyadarshini Engineering College,Vellore,MECH,170,165,163,160,150,140,135
1511,Ranippettai Engineering College,Vellore,MECH,165,160,158,155,145,135,130
1512,S.K.P Engineering College,Tiruvannamalai,MECH,160,155,153,150,140,130,125
1513,Sri Balaji Chockalingam Engineering College,Vellore,MECH,160,155,153,150,140,130,125
1514,Sri Nandhanam College of Engineering and Technology,Vellore,MECH,165,160,158,155,145,135,130
1515,Saraswathi Velu College of Engineering,Vellore,MECH,160,155,153,150,140,130,125
1516,Thanthai Periyar Govt. Institute of Technology,Vellore,MECH,185,180,178,175,165,155,150
1517,Thirumalai Engineering College,Vellore,MECH,170,165,163,160,150,140,135
1605,Idhaya Engineering College for Women,Vellore,MECH,160,155,153,150,140,130,125
2005,Government College of Technology,Coimbatore,MECH,195,190,188,185,175,165,155
2006,P.S.G. College of Technology,Coimbatore,MECH,198,195,193,190,180,170,160
2007,Coimbatore Institute of Technology,Coimbatore,MECH,197,192,190,187,177,167,157
2025,Anna University Regional Campus,Coimbatore,MECH,185,180,178,175,165,155,150
2302,Sri Shanmugha College of Engineering and Technology,Salem,MECH,165,160,158,155,145,135,130
2314,Muthayammal Technical Campus,Namakkal,MECH,160,155,153,150,140,130,125
2327,N.S.N. College of Engineering and Technology,Karur,MECH,160,155,153,150,140,130,125
2328,K S R Institute for Engineering and Technology,Namakkal,MECH,165,160,158,155,145,135,130
2329,Rathinam Technical Campus,Coimbatore,MECH,165,160,158,150,140,135,130
2356,Arulmuruga Technical Campus,Karur,MECH,155,150,148,140,130,125,120
2357,V.S.B. College of Engineering Technical Campus,Coimbatore,MECH,160,155,153,145,135,130,125
2358,SCAD Institute of Technology,Tirunelveli,MECH,150,145,143,135,125,120,115
2360,Suguna College of Engineering,Coimbatore,MECH,158,153,151,143,133,128,123
2362,Hosur Institute of Technology and Science,Hosur,MECH,152,147,145,137,127,122,117
2367,Arjun College of Technology,Coimbatore,MECH,150,145,143,135,125,120,115
2369,Government College of Engineering,Salem,MECH,190,185,183,175,165,160,155
2377,PSG Institute of Technology and Applied Research,Coimbatore,MECH,195,190,188,180,170,165,160
2601,Adhiyamaan College of Engineering (Autonomous),Hosur,MECH,175,170,168,160,150,145,140
2602,Annai Mathammal Sheela Engineering College,Namakkal,MECH,148,143,141,133,123,118,113
2615,Government College of Engineering (Autonomous),Salem,MECH,192,187,185,177,167,162,157
2616,Sapthagiri College of Engineering,Dharmapuri,MECH,154,149,147,139,129,124,119
2617,Sengunthar Engineering College,Namakkal,MECH,160,155,153,145,135,130,125
2618,SONA College of Technology,Salem,MECH,185,180,178,170,160,155,150
2620,Vivekanandha College of Engineering for Women,Namakkal,MECH,140,135,133,125,115,110,105
2621,Er. Perumal Manimekalai College of Engineering,Hosur,MECH,155,150,148,140,130,125,120
2622,V.S.B. Engineering College,Karur,MECH,158,153,151,143,133,128,123
2623,Maha College of Engineering,Salem,MECH,150,145,143,135,125,120,115
2624,Gnanamani College of Technology,Namakkal,MECH,150,145,143,135,125,120,115
2625,The Kavery Engineering College,Salem,MECH,152,147,145,137,127,122,117
2638,Mahendra Engineering College for Women,Namakkal,MECH,145,140,138,130,120,115,110
2639,Narasu's Sarathy Institute of Technology,Salem,MECH,150,145,143,135,125,120,115
2640,Jayalakshmi Institute of Technology,Dharmapuri,MECH,145,140,138,130,120,115,110
2641,Varuvan Vadivelan Institute of Technology,Dharmapuri,MECH,140,135,133,125,115,110,105
2642,P.S.V. College of Engineering and Technology,Dharmapuri,MECH,138,133,131,123,113,108,103
2643,Bharathiyar Institute of Engineering for Women,Salem,MECH,142,137,135,127,117,112,107
2646,Tagore Institute of Engineering and Technology,Salem,MECH,150,145,143,135,125,120,115
2647,J.K.K Nataraja College of Engineering and Technology,Namakkal,MECH,145,140,138,130,120,115,110
2648,Annapoorana Engineering College,Salem,MECH,155,150,148,140,130,125,120
2649,Karur College of Engineering,Karur,MECH,152,147,145,137,127,122,117
2661,Vivekanandha College of Technology for Women,Namakkal,MECH,140,135,133,125,115,110,105
2662,Dr. Nagarathinam's College of Engineering,Salem,MECH,142,137,135,127,117,112,107
2664,Excel College of Engineering and Technology,Namakkal,MECH,148,143,141,133,123,118,113
2665,Mahendra Institute of Engineering and Technology,Namakkal,MECH,150,145,143,135,125,120,115
2666,The Kavery College of Engineering,Salem,MECH,152,147,145,137,127,122,117
2673,Sree Sakthi Engineering College,Coimbatore,MECH,155,150,148,140,130,125,120
2682,Professional Educational Trust Group of Institutions,Salem,MECH,140,135,133,125,115,110,105
2683,Shreenivasa Engineering College,Dharmapuri,MECH,150,145,143,135,125,120,115
2702,Bannari Amman Institute of Technology,Erode,MECH,185,180,178,170,160,155,150
2704,Coimbatore Institute of Engineering and Information Technology,Coimbatore,MECH,150,145,143,135,125,120,115
2715,Nandha Engineering College,Erode,MECH,160,155,153,145,135,130,125
2716,Park College of Engineering Technology,Coimbatore,MECH,158,153,151,143,133,128,123
2717,Sasurie College of Engineering,Erode,MECH,160,155,153,145,135,130,125
2718,Sri Krishna College of Engineering and Technology,Coimbatore,MECH,190,185,183,175,165,160,155
2719,Sri Ramakrishna Engineering College,Coimbatore,MECH,185,180,178,170,160,155,150
2721,Tamilnadu College of Engineering,Coimbatore,MECH,158,153,151,143,133,128,123
2722,V.L.B. Janakiammal College of Engineering and Technology,Coimbatore,MECH,150,145,143,135,125,120,115
2723,Vellalar College of Engineering and Technology,Erode,MECH,165,160,158,150,140,135,130
2725,Sri Ramakrishna Institute of Technology,Coimbatore,MECH,175,170,168,160,150,145,140
collegeid,collegename,location,MECH,OC,BC,BCM,MBC,SC,SCA,ST
2329,Rathinam Technical Campus,Coimbatore,MECH,180,175,170,165,150,145,140
2356,Arulmuruga Technical Campus,Karur,MECH,175,170,165,160,145,140,135
2357,V.S.B. College of Engineering Technical Campus,Coimbatore,MECH,185,180,175,170,155,150,145
2358,SCAD Institute of Technology,Tirunelveli,MECH,170,165,160,155,140,135,130
2360,Suguna College of Engineering,Coimbatore,MECH,182,177,172,167,152,147,142
2362,Hosur Institute of Technology and Science,Hosur,MECH,178,173,168,163,148,143,138
2367,Arjun College of Technology,Coimbatore,MECH,175,170,165,160,145,140,135
2369,Government College of Engineering,Salem,MECH,190,185,180,175,160,155,150
2377,PSG Institute of Technology and Applied Research,Coimbatore,MECH,195,190,185,180,165,160,155
2601,Adhiyamaan College of Engineering (Autonomous),Hosur,MECH,188,183,178,173,158,153,148
2602,Annai Mathammal Sheela Engineering College,Namakkal,MECH,170,165,160,155,140,135,130
2615,Government College of Engineering (Autonomous),Salem,MECH,192,187,182,177,162,157,152
2616,Sapthagiri College of Engineering,Dharmapuri,MECH,180,175,170,165,150,145,140
2617,Sengunthar Engineering College,Namakkal,MECH,178,173,168,163,148,143,138
2618,SONA College of Technology,Salem,MECH,189,184,179,174,159,154,149
2620,Vivekanandha College of Engineering for Women,Namakkal,MECH,175,170,165,160,145,140,135
2621,Er. Perumal Manimekalai College of Engineering,Hosur,MECH,176,171,166,161,146,141,136
2622,V.S.B. Engineering College,Karur,MECH,182,177,172,167,152,147,142
2623,Maha College of Engineering,Salem,MECH,170,165,160,155,140,135,130
2624,Gnanamani College of Technology,Namakkal,MECH,172,167,162,157,142,137,132
2625,The Kavery Engineering College,Salem,MECH,168,163,158,153,138,133,128
2638,Mahendra Engineering College for Women,Namakkal,MECH,171,166,161,156,141,136,131
2639,Narasu's Sarathy Institute of Technology,Salem,MECH,175,170,165,160,145,140,135
2640,Jayalakshmi Institute of Technology,Dharmapuri,MECH,169,164,159,154,139,134,129
2641,Varuvan Vadivelan Institute of Technology,Dharmapuri,MECH,167,162,157,152,137,132,127
2642,P.S.V. College of Engineering and Technology,Dharmapuri,MECH,168,163,158,153,138,133,128
2643,Bharathiyar Institute of Engineering for Women,Salem,MECH,170,165,160,155,140,135,130
2646,Tagore Institute of Engineering and Technology,Salem,MECH,165,160,155,150,135,130,125
2647,J.K.K Nataraja College of Engineering and Technology,Namakkal,MECH,172,167,162,157,142,137,132
2648,Annapoorana Engineering College,Salem,MECH,169,164,159,154,139,134,129
2649,Karur College of Engineering,Karur,MECH,175,170,165,160,145,140,135
2661,Vivekanandha College of Technology for Women,Namakkal,MECH,172,167,162,157,142,137,132
2662,Dr. Nagarathinam's College of Engineering,Salem,MECH,170,165,160,155,140,135,130
2664,Excel College of Engineering and Technology,Namakkal,MECH,173,168,163,158,143,138,133
2665,Mahendra Institute of Engineering and Technology,Namakkal,MECH,171,166,161,156,141,136,131
2666,The Kavery College of Engineering,Salem,MECH,168,163,158,153,138,133,128
2673,Sree Sakthi Engineering College,Coimbatore,MECH,177,172,167,162,147,142,137
2682,Professional Educational Trust Group of Institutions,Salem,MECH,165,160,155,150,135,130,125
2683,Shreenivasa Engineering College,Dharmapuri,MECH,170,165,160,155,140,135,130
2702,Bannari Amman Institute of Technology,Erode,MECH,190,185,180,175,160,155,150
2704,Coimbatore Institute of Engineering and Information Technology,Coimbatore,MECH,175,170,165,160,145,140,135
2715,Nandha Engineering College,Erode,MECH,178,173,168,163,148,143,138
2716,Park College of Engineering Technology,Coimbatore,MECH,174,169,164,159,144,139,134
2717,Sasurie College of Engineering,Erode,MECH,172,167,162,157,142,137,132
2718,Sri Krishna College of Engineering and Technology,Coimbatore,MECH,192,187,182,177,162,157,152
2719,Sri Ramakrishna Engineering College,Coimbatore,MECH,195,190,185,180,165,160,155
2721,Tamilnadu College of Engineering,Coimbatore,MECH,170,165,160,155,140,135,130
3850,Vetri Vinayaha College of Engineering and Technology,Trichy,MECH,170,160,155,150,140,135,130
3923,MNSK College of Engineering,Pudukkottai,MECH,165,155,150,145,135,130,125
3925,M.A.R College of Engineering and Technology,Pudukkottai,MECH,160,150,145,140,130,125,120
3926,Chendhuran College of Engineering and Technology,Pudukkottai,MECH,158,148,143,138,128,123,118
4020,University Departments of Anna University of Tech,Tirunelveli,MECH,185,175,170,165,155,150,145
4023,University College of Engg.- Nagercoil,Nagercoil,MECH,180,170,165,160,150,145,140
4024,University Voc College of Engg-Thoothukudi,Thoothukudi,MECH,175,165,160,155,145,140,135
4669,Thamirabharani Engineering College,Tirunelveli,MECH,168,158,153,148,138,133,128
4670,Rohini College of Engineering and Technology,Kanyakumari,MECH,172,162,157,152,142,137,132
4672,Stella Mary's College of Engineering,Kanyakumari,MECH,170,160,155,150,140,135,130
4675,Universal College of Engineering & Technology,Vallioor,MECH,165,155,150,145,135,130,125
4931,Chandy College of Engineering,Tuticorin,MECH,160,150,145,140,130,125,120
4932,Immanuel Arasar J J College of Engineering,Kanyakumari,MECH,162,152,147,142,132,127,122
4933,St.Mother Theresa Engineering College,Tirunelveli,MECH,165,155,150,145,135,130,125
4934,Holy Cross Engineering College,Tuticorin,MECH,160,150,145,140,130,125,120
4937,A.R. College of Engineering and Technology,Tirunelveli,MECH,165,155,150,145,135,130,125
4938,Sivaji College of Engineering and Technology,Kanyakumari,MECH,162,152,147,142,132,127,122
4941,Unnamalai Institute of Technology,Kovilpatti,MECH,160,150,145,140,130,125,120
4943,Satyam College of Engineering and Technology,Aralvaimozhi,MECH,158,148,143,138,128,123,118
4944,Arunachala College of Engineering for Women,Kanyakumari,MECH,165,155,150,145,135,130,125
4945,Vins Christian Women's College of Engineering,Nagercoil,MECH,160,150,145,140,130,125,120
4961,National College of Engineering,Tirunelveli,MECH,170,160,155,150,140,135,130
4962,National Engineering College,Kovilpatti,MECH,175,165,160,155,145,140,135
4964,PSN College of Engineering and Technology,Tirunelveli,MECH,168,158,153,148,138,133,128
4965,P.S.R Engineering College,Sivakasi,MECH,172,162,157,152,142,137,132
4966,PET College of Engineering,Tirunelveli,MECH,160,150,145,140,130,125,120
4967,S. Veerasamy Chettiar College of Engineering and Technology,Puliyangudi,MECH,165,155,150,145,135,130,125
4968,Sardar Raja College of Engineering,Tirunelveli,MECH,160,150,145,140,130,125,120
4969,SCAD College of Engineering and Technology,Cheranmahadevi,MECH,165,155,150,145,135,130,125
4970,Sree Sowdambika College of Engineering,Virudhunagar,MECH,168,158,153,148,138,133,128
4971,St.Xaviers Catholic College of Engineering,Nagercoil,MECH,172,162,157,152,142,137,132
4982,Vins Christian College of Engineering,Nagercoil,MECH,165,155,150,145,135,130,125
4983,Lord Jegannath College of Engineering and Technology,Kanyakumari,MECH,160,150,145,140,130,125,120
4984,Marthandam College of Engineering and Technology,Kanyakumari,MECH,162,152,147,142,132,127,122
4987,James College of Engineering and Technology,Nagercoil,MECH,160,150,145,140,130,125,120
4989,PSN Engineering College,Tirunelveli,MECH,170,160,155,150,140,135,130
4991,Kalasalingam Institute of Technology,Virudhunagar,MECH,175,165,160,155,145,140,135
4992,Bethlahem Institute of Engineering,Kanyakumari,MECH,162,152,147,142,132,127,122
4993,Loyola Institute of Technology and Science,Kanyakumari,MECH,160,150,145,140,130,125,120
4994,JP College of Engineering,Tenkasi,MECH,165,155,150,145,135,130,125
4995,P.S.R.Rengasamy College of Engineering for Women,Sivakasi,MECH,168,158,153,148,138,133,128
5502,Sree Raaja Raajan College of Engineering and Technology,Karaikudi,MECH,170,160,155,150,140,135,130
5530,SSM Institute of Engineering and Technology,Dindigul,MECH,160,150,145,140,130,125,120
5532,Vaigai College of Engineering,Madurai,MECH,165,155,150,145,135,130,125
5533,Karaikudi Institute of Technology & Karaikudi Institute of Management,Karaikudi,MECH,168,158,153,148,138,133,128
5536,Mangayarkarasi College of Engineering,Madurai,MECH,170,160,155,150,140,135,130
5703,Christian College of Engineering and Technology,Dindigul,MECH,165,155,150,145,135,130,125
5720,Sri Subramanya College of Engineering and Technology,Dindigul,MECH,160,150,145,140,130,125,120
5832,N.P.R. College of Engineering and Technology,Natham,MECH,165,155,150,145,135,130,125
5842,Madurai Institute of Engineering and Technology,Madurai,MECH,168,158,153,148,138,133,128
3850,Vetri Vinayaha College of Engineering and Technology,Trichy,MECH,180,175,170,165,160,155,150
3923,MNSK College of Engineering,Pudukkottai,MECH,175,170,165,160,155,150,145
3925,M.A.R College of Engineering and Technology,Pudukkottai,MECH,178,173,168,163,158,153,148
3926,Chendhuran College of Engineering and Technology,Pudukkottai,MECH,182,177,172,167,162,157,152
4020,University Departments of Anna University of Tech,Tirunelveli,MECH,190,185,180,175,170,165,160
4023,University College of Engg.- Nagercoil,Nagercoil,MECH,188,183,178,173,168,163,158
4024,University Voc College of Engg-Thoothukudi,Thoothukudi,MECH,187,182,177,172,167,162,157
4669,Thamirabharani Engineering College,Tirunelveli,MECH,176,171,166,161,156,151,146
4670,Rohini College of Engineering and Technology,Kanyakumari,MECH,180,175,170,165,160,155,150
4672,Stella Mary's College of Engineering,Kanyakumari,MECH,179,174,169,164,159,154,149
4675,Universal College of Engineering & Technology,Vallioor,MECH,177,172,167,162,157,152,147
4931,Chandy College of Engineering,Tuticorin,MECH,174,169,164,159,154,149,144
4932,Immanuel Arasar J J College of Engineering,Kanyakumari,MECH,175,170,165,160,155,150,145
4933,St.Mother Theresa Engineering College,Tirunelveli,MECH,178,173,168,163,158,153,148
4934,Holy Cross Engineering College,Tuticorin,MECH,172,167,162,157,152,147,142
4937,A.R. College of Engineering and Technology,Tirunelveli,MECH,170,165,160,155,150,145,140
4938,Sivaji College of Engineering and Technology,Kanyakumari,MECH,173,168,163,158,153,148,143
4941,Unnamalai Institute of Technology,Kovilpatti,MECH,176,171,166,161,156,151,146
4943,Satyam College of Engineering and Technology,Aralvaimozhi,MECH,175,170,165,160,155,150,145
4944,Arunachala College of Engineering for Women,Kanyakumari,MECH,179,174,169,164,159,154,149
4945,Vins Christian Women's College of Engineering,Nagercoil,MECH,181,176,171,166,161,156,151
4961,National College of Engineering,Tirunelveli,MECH,185,180,175,170,165,160,155
4962,National Engineering College,Kovilpatti,MECH,190,185,180,175,170,165,160
4964,PSN College of Engineering and Technology,Tirunelveli,MECH,188,183,178,173,168,163,158
4965,P.S.R Engineering College,Sivakasi,MECH,187,182,177,172,167,162,157
4966,PET College of Engineering,Tirunelveli,MECH,186,181,176,171,166,161,156
4967,S. Veerasamy Chettiar College of Engineering and Technology,Puliyangudi,MECH,182,177,172,167,162,157,152
4968,Sardar Raja College of Engineering,Tirunelveli,MECH,178,173,168,163,158,153,148
4969,SCAD College of Engineering and Technology,Cheranmahadevi,MECH,185,180,175,170,165,160,155
4970,Sree Sowdambika College of Engineering,Virudhunagar,MECH,184,179,174,169,164,159,154
4971,St.Xaviers Catholic College of Engineering,Nagercoil,MECH,189,184,179,174,169,164,159
4972,Sun College of Engineering and Technology,Nagercoil,MECH,176,171,166,161,156,151,146
4973,The Rajaas Engineering College (Formerly The Indian Engg College),Nagercoil,MECH,175,170,165,160,155,150,145
4974,Government College of Engineering,Tirunelveli,MECH,192,187,182,177,172,167,162
4975,Dr.G.U. Pope College of Engineering,Tuticorin,MECH,174,169,164,159,154,149,144
4976,Infant Jesus College of Engineering,Tirunelveli,MECH,172,167,162,157,152,147,142
4977,Narayana Guru College of Engineering,Kanyakumari,MECH,179,174,169,164,159,154,149
4917,Sethu Institute of Technology,Kariapatti,MECH,180,175,170,165,160,155,150
4927,Maria College of Engineering and Technology,Kanyakumari,MECH,185,180,175,170,165,160,155
4928,Mar Ephraem College of Engineering and Technology,Kanyakumari,MECH,190,185,180,175,170,165,160
4929,M.E.T Engineering College,Kanyakumari,MECH,175,170,165,160,155,150,145
3852,Sri Bharathi Engineering College for Women,Pudukkottai,MECH,170,165,160,155,150,145,140
3854,Mahath Amma Institute of Engineering and Technology,Pudukkottai,MECH,165,160,155,150,145,140,135
3855,As-Salam College of Engineering and Technology,Thanjavur,MECH,180,175,170,165,160,155,150
3857,Meenakshi Ramaswamy Engineering College,Ariyalur,MECH,175,170,165,160,155,150,145
3859,Sembodai Rukmani Varatharajan Engineering College,Nagapattinam,MECH,165,160,155,150,145,140,135
3860,St.Anne's College of Engineering and Technology,Cuddalore,MECH,170,165,160,155,150,145,140
3905,Kings College of Engineering,Pudukkottai,MECH,180,175,170,165,160,155,150
3908,Mount Zion College of Engineering and Technology,Pudukkottai,MECH,175,170,165,160,155,150,145
3918,Shanmuganathan Engineering College,Pudukkottai,MECH,165,160,155,150,145,140,135
3920,Sudharsan Engineering College,Pudukkottai,MECH,170,165,160,155,150,145,140
3819,Saranathan College of Engineering,Trichy,MECH,190,185,180,175,170,165,160
3820,Trichy Engineering College,Trichy,MECH,185,180,175,170,165,160,155
3821,A.R.J College of Engineering and Technology,Nagapattinam,MECH,175,170,165,160,155,150,145
3822,Dr.Navalar Nedunchezhiyan College of Engineering,Cuddalore,MECH,165,160,155,150,145,140,135
3823,Srinivasan Engineering College,Perambalur,MECH,170,165,160,155,150,145,140
3825,St.Joseph's College of Engineering and Technology,Thanjavur,MECH,180,175,170,165,160,155,150
3826,Kongunadu College of Engineering and Technology,Trichy,MECH,175,170,165,160,155,150,145
3829,M.A.M. College of Engineering and Technology,Trichy,MECH,180,175,170,165,160,155,150
3830,K.Ramakrishnan College of Engineering,Trichy,MECH,185,180,175,170,165,160,155
3831,Indra Ganesan College of Engineering,Trichy,MECH,175,170,165,160,155,150,145
2761,United Institute of Technology,Coimbatore,MECH,180,175,172,165,150,145,140
2762,Jansons Institute of Technology,Coimbatore,MECH,178,173,170,163,148,143,138
2763,Akshaya College of Engineering & Technology,Coimbatore,MECH,175,170,168,160,145,140,135
2764,K P R Institute of Engineering and Technology,Coimbatore,MECH,182,177,174,167,152,147,142
2727,Sri Shakthi Institute of Engineering and Technology,Coimbatore,MECH,185,180,177,170,155,150,145
2729,Nehru Institute of Engineering and Technology,Coimbatore,MECH,179,174,171,164,149,144,139
2730,Maharaja Institute of Technology,Coimbatore,MECH,176,171,169,161,146,141,136
2731,R V S College of Engineering and Technology,Coimbatore,MECH,174,169,167,159,144,139,134
2732,Info Institute of Engineering,Coimbatore,MECH,177,172,170,162,147,142,137
2733,Angel College of Engineering and Technology,Coimbatore,MECH,180,175,173,165,150,145,140
2734,S N S College of Engineering,Coimbatore,MECH,181,176,174,166,151,146,141
2735,Karpagam Institute of Technology,Coimbatore,MECH,179,174,172,164,149,144,139
2736,Dr. NGP Institute of Science and Technology,Coimbatore,MECH,183,178,175,168,153,148,143
2737,Ranganathan Engineering College,Coimbatore,MECH,170,165,163,155,140,135,130
2705,C.S.I College of Engineering,Nilgiris,MECH,172,167,165,157,142,137,132
2706,Dr. Mahalingam College of Engineering and Technology,Pollachi,MECH,185,180,178,170,155,150,145
2707,Erode Sengunthar Engineering College,Erode,MECH,178,173,171,163,148,143,138
2708,Hindusthan College of Engineering and Technology,Coimbatore,MECH,184,179,177,169,154,149,144
2709,Institute of Road and Transport Technology,Erode,MECH,186,181,179,171,156,151,146
2710,Karpagam College of Engineering (Autonomous),Coimbatore,MECH,180,175,173,165,150,145,140
2711,Kongu Engineering College (Autonomous),Erode,MECH,188,183,181,173,158,153,148
2712,Kumaraguru College of Technology (Autonomous),Coimbatore,MECH,189,184,182,174,159,154,149
2713,M.P. Nachimuthu M. Jaganathan Engineering College,Erode,MECH,175,170,168,160,145,140,135
2714,Maharaja Engineering College,Erode,MECH,174,169,167,159,144,139,134
2650,Christ The King Engineering College,Coimbatore,MECH,172,167,165,157,142,137,132
2651,Jai Sriram College of Technology,Coimbatore,MECH,171,166,164,156,141,136,131
2652,Al-Ameen Engineering College,Erode,MECH,169,164,162,154,139,134,129
2653,Knowledge Institute of Technology,Salem,MECH,180,175,173,165,150,145,140
2654,S V S College of Engineering,Coimbatore,MECH,178,173,171,163,148,143,138
2656,Erode Builder Educational Trust’s Group of Institutions,Erode,MECH,170,165,163,155,140,135,130
2657,Pavai College of Technology,Namakkal,MECH,171,166,164,156,141,136,131
2658,V S A Educational and Charitable Trust’s Group of Institutions,Salem,MECH,168,163,161,153,138,133,128
2659,Salem College of Engineering and Technology,Salem,MECH,170,165,163,155,140,135,130
2660,Gnanamani College of Engineering,Namakkal,MECH,169,164,162,154,139,134,129
2627,Selvam College of Technology,Namakkal,MECH,170,165,163,155,140,135,130
2628,Paavai College of Engineering,Namakkal,MECH,173,168,166,158,143,138,133
2629,Sengunthar College of Engineering for Women,Tiruchengode,MECH,171,166,164,156,141,136,131
2630,Chettinad College of Engineering and Technology,Karur,MECH,175,170,168,160,145,140,135
2631,King College of Technology,Namakkal,MECH,169,164,162,154,139,134,129
2632,Mahendra Institute of Technology,Namakkal,MECH,170,165,163,155,140,135,130
2633,Vidhya Vikkas College of Engineering and Technology,Tiruchengode,MECH,171,166,164,156,141,136,131
2634,Excel Engineering College,Namakkal,MECH,172,167,165,157,142,137,132
2635,CMS College of Engineering,Namakkal,MECH,171,166,164,156,141,136,131
2636,AVS Engineering College,Salem,MECH,170,165,163,155,140,135,130
1149,St.Joseph's Institute of Technology,Chennai,MECH,185,180,178,170,155,150,145
1140,Jeppiaar Institute of Technology,Chennai,MECH,182,177,175,167,152,147,142
1139,Siva Institute of Frontier Technology,Chennai,MECH,170,165,163,155,140,135,130
1141,R.V.S. Padmavathy College of Engineering & Technology,Chennai,MECH,171,166,164,156,141,136,131
1202,DMI College of Engineering,Chennai,MECH,172,167,165,157,142,137,132
1201,Arignar Anna Institute of Science and Technology,Chennai,MECH,173,168,166,158,143,138,133
1201,Arignar Anna Institute of Science and Technology,Chennai,MECH,170,160,155,150,140,135,130
1207,Kings Engineering College,Chennai,MECH,175,165,160,155,145,140,135
1206,Maamallan Institute of Technology,Chennai,MECH,168,158,153,148,138,133,128
1208,Kanchi Pallavan Engineering College,Chennai,MECH,172,162,157,152,142,137,132
1205,Lord Venkateshwara Engineering College,Chennai,MECH,178,168,163,158,148,143,138
1221,Srinivasa Institute of Engineering and Technology,Chennai,MECH,174,164,159,154,144,139,134
1222,P.B. College of Engineering,Chennai,MECH,176,166,161,156,146,141,136
1225,Loyola Institute of Technology,Chennai,MECH,180,170,165,160,150,145,140
1226,P.T. Lee Chengalvaraya Naicker College of Engineering,Chennai,MECH,173,163,158,153,143,138,133
1228,Alpha College of Engineering,Chennai,MECH,177,167,162,157,147,142,137
1229,Indira Institute of Engineering and Technology,Chennai,MECH,171,161,156,151,141,136,131
1230,Apollo Engineering College,Chennai,MECH,169,159,154,149,139,134,129
1231,Panimalar Institute of Technology,Chennai,MECH,182,172,167,162,152,147,142
1232,ARM College of Engineering and Technology,Chennai,MECH,170,160,155,150,140,135,130
1233,Adhi College of Engineering and Technology,Chennai,MECH,174,164,159,154,144,139,134
1306,Jeppiaar Engineering College,Chennai,MECH,185,175,170,165,155,150,145
1307,Jerusalem College of Engineering,Chennai,MECH,180,170,165,160,150,145,140
1309,Meenakshi Sundararajan Engineering College,Chennai,MECH,188,178,173,168,158,153,148
1310,M.N.M Jain Engineering College,Chennai,MECH,183,173,168,163,153,148,143
1311,K.C.G College of Technology,Chennai,MECH,186,176,171,166,156,151,146
1313,Shree Motilal Kanhaiyalal Fomra Institute of Technology,Chennai,MECH,177,167,162,157,147,142,137
1315,Sri Sivasubramaniya Nadar College of Engineering,Chennai,MECH,190,180,175,170,160,155,150
1316,Vel's Srinivasa College of Engineering and Technology,Chennai,MECH,178,168,163,158,148,143,138
1317,St. Joseph's College of Engineering,Chennai,MECH,189,179,174,169,159,154,149
1318,T.J Institute of Technology,Chennai,MECH,176,166,161,156,146,141,136
1399,Chennai Institute of Technology,Chennai,MECH,187,177,172,167,157,152,147
1401,Adhiparasakthi Engineering College,Chennai,MECH,175,165,160,155,145,140,135
1402,Annai Teresa College of Engineering,Chennai,MECH,172,162,157,152,142,137,132
1405,Dhanalakshmi College of Engineering,Chennai,MECH,180,170,165,160,150,145,140
1406,Dr. Paul's Engineering College,Chennai,MECH,168,158,153,148,138,133,128
1407,G.K.M. College of Engineering and Technology,Chennai,MECH,181,171,166,161,151,146,141
1408,I.F.E.T. College of Engineering,Chennai,MECH,174,164,159,154,144,139,134
1409,Karpaga Vinayaga College of Engineering and Technology,Chennai,MECH,177,167,162,157,147,142,137
1411,Madha Engineering College,Chennai,MECH,169,159,154,149,139,134,129
1412,Mailam Engineering College,Chennai,MECH,171,161,156,151,141,136,131
1423,Asan Memorial College of Engineering and Technology,Chennai,MECH,173,163,158,153,143,138,133
1424,Dhaanish Ahmed College of Engineering,Chennai,MECH,176,166,161,156,146,141,136
1426,Sri Ramanujar Engineering College,Chennai,MECH,170,160,155,150,140,135,130
1427,Sri Krishna Engineering College,Chennai,MECH,174,164,159,154,144,139,134
1428,E.S. College of Engineering and Technology,Chennai,MECH,178,168,163,158,148,143,138
1430,Maha Bharathi Engineering College,Chennai,MECH,172,162,157,152,142,137,132
1431,New Prince Shri Bhavani College of Engineering and Technology,Chennai,MECH,176,166,161,156,146,141,136
1432,Rajalakshmi Institute of Technology,Chennai,MECH,183,173,168,163,153,148,143
1433,Sri Aravindar Engineering College,Chennai,MECH,170,160,155,150,140,135,130
1434,Surya College of Engineering and Technology,Chennai,MECH,174,164,159,154,144,139,134
2332,Aishwarya College of Engineering and Technology,Coimbatore,MECH,171,161,156,151,141,136,131
2338,Asian College of Engineering and Technology,Coimbatore,MECH,172,162,157,152,142,137,132
2341,Ganesh College of Engineering,Coimbatore,MECH,174,164,159,154,144,139,134
2342,Sri Ranganathar Institute of Engineering and Technology,Coimbatore,MECH,177,167,162,157,147,142,137
2345,Dhirajlal Gandhi College of Technology,Coimbatore,MECH,180,170,165,160,150,145,140
2346,Shree Sathyam College of Engineering and Technology,Coimbatore,MECH,176,166,161,156,146,141,136
2347,AVS College of Technology,Coimbatore,MECH,178,168,163,158,148,143,138
2350,Jairupaa College of Engineering,Coimbatore,MECH,170,160,155,150,140,135,130
2354,Pollachi Institute of Engineering and Technology,Coimbatore,MECH,174,164,159,154,144,139,134
2355,Cheran College of Engineering,Coimbatore,MECH,177,167,162,157,147,142,137
